"dist","p","n","alpha","is_covered","c_estimate"
"bivt",0.005,1000,"0.05",FALSE,0.00331763006854937
"bivt",0.005,1000,"0.1",FALSE,0.00281721884155961
"bivt",0.005,1000,"0.01",TRUE,0.006
"bivt",0.005,1000,"0.05",TRUE,0.00302561929846044
"bivt",0.005,1000,"0.1",TRUE,0.00275567508648084
"bivt",0.005,1000,"0.01",TRUE,0.00383043922369765
"bivt",0.005,1000,"0.05",TRUE,0.00458715596330275
"bivt",0.005,1000,"0.1",TRUE,0.00383043922369765
"bivt",0.005,1000,"0.01",TRUE,0.006
"bivt",0.005,1000,"0.05",TRUE,0.00407331975560082
"bivt",0.005,1000,"0.1",TRUE,0.00324014071468247
"bivt",0.005,1000,"0.01",TRUE,0.006
"bivt",0.005,1000,"0.05",TRUE,0.006
"bivt",0.005,1000,"0.1",TRUE,0.00402930402930403
"bivt",0.005,1000,"0.01",TRUE,0.007
"bivt",0.005,1000,"0.05",TRUE,0.00341203282932605
"bivt",0.005,1000,"0.1",FALSE,0.00297315664288141
"bivt",0.005,1000,"0.01",TRUE,0.00458715596330275
"bivt",0.005,1000,"0.05",TRUE,0.00384963768115942
"bivt",0.005,1000,"0.1",TRUE,0.00309917355371901
"bivt",0.005,1000,"0.01",TRUE,0.006
"bivt",0.005,1000,"0.05",FALSE,0.00277011231460025
"bivt",0.005,1000,"0.1",FALSE,0.00253036437246964
"bivt",0.005,1000,"0.01",FALSE,0.00380324543610548
"bivt",0.005,1000,"0.05",TRUE,0.00477169284980179
"bivt",0.005,1000,"0.1",TRUE,0.00403225806451611
"bivt",0.005,1000,"0.01",TRUE,0.007
"bivt",0.005,1000,"0.05",TRUE,0.00489428968050189
"bivt",0.005,1000,"0.1",TRUE,0.00363482159084025
"bivt",0.005,1000,"0.01",TRUE,0.007
"bivt",0.005,1000,"0.05",TRUE,0.007
"bivt",0.005,1000,"0.1",TRUE,0.006
"bivt",0.005,1000,"0.01",TRUE,0.009
"bivt",0.005,1000,"0.05",FALSE,0.00343642611683849
"bivt",0.005,1000,"0.1",FALSE,0.00292658823221102
"bivt",0.005,1000,"0.01",TRUE,0.006
"bivt",0.005,1000,"0.05",TRUE,0.00356052899287894
"bivt",0.005,1000,"0.1",TRUE,0.00328995467173563
"bivt",0.005,1000,"0.01",TRUE,0.00458715596330275
"bivt",0.005,1000,"0.05",TRUE,0.00334003674462485
"bivt",0.005,1000,"0.1",TRUE,0.00280027187455482
"bivt",0.005,1000,"0.01",TRUE,0.00451030927835051
"bivt",0.005,1000,"0.05",TRUE,0.00458715596330275
"bivt",0.005,1000,"0.1",FALSE,0.00372663685357184
"bivt",0.005,1000,"0.01",TRUE,0.006
"bivt",0.005,1000,"0.05",TRUE,0.00321181949574434
"bivt",0.005,1000,"0.1",TRUE,0.00269491287626482
"bivt",0.005,1000,"0.01",TRUE,0.00420750420750421
"bivt",0.005,1000,"0.05",FALSE,0.006
"bivt",0.005,1000,"0.1",FALSE,0.00402930402930403
"bivt",0.005,1000,"0.01",TRUE,0.007
"bivt",0.005,1000,"0.05",TRUE,0.00304002141903598
"bivt",0.005,1000,"0.1",TRUE,0.00253807106598985
"bivt",0.005,1000,"0.01",TRUE,0.00356154691717511
"bivt",0.005,1000,"0.05",TRUE,0.00458715596330275
"bivt",0.005,1000,"0.1",TRUE,0.00370679269761839
"bivt",0.005,1000,"0.01",TRUE,0.006
"bivt",0.005,1000,"0.05",TRUE,0.0028395081507404
"bivt",0.005,1000,"0.1",TRUE,0.00262778499831609
"bivt",0.005,1000,"0.01",TRUE,0.00417439703153989
"bivt",0.005,1000,"0.05",FALSE,0.0031661600810537
"bivt",0.005,1000,"0.1",FALSE,0.00277443817626931
"bivt",0.005,1000,"0.01",FALSE,0.00381712235141369
"bivt",0.005,1000,"0.05",TRUE,0.00393669789780333
"bivt",0.005,1000,"0.1",TRUE,0.00309917355371901
"bivt",0.005,1000,"0.01",TRUE,0.006
"bivt",0.005,1000,"0.05",TRUE,0.00338409475465313
"bivt",0.005,1000,"0.1",TRUE,0.00286644915295417
"bivt",0.005,1000,"0.01",TRUE,0.00426374131695967
"bivt",0.005,1000,"0.05",TRUE,0.00381033601930324
"bivt",0.005,1000,"0.1",TRUE,0.0032417770394222
"bivt",0.005,1000,"0.01",TRUE,0.006
"bivt",0.005,1000,"0.05",FALSE,0.00305409725012011
"bivt",0.005,1000,"0.1",FALSE,0.00253807106598985
"bivt",0.005,1000,"0.01",TRUE,0.00458764901512252
"bivt",0.005,1000,"0.05",TRUE,0.006
"bivt",0.005,1000,"0.1",TRUE,0.00454254877292674
"bivt",0.005,1000,"0.01",TRUE,0.007
"bivt",0.005,1000,"0.05",TRUE,0.00335792048984419
"bivt",0.005,1000,"0.1",FALSE,0.00289856295102567
"bivt",0.005,1000,"0.01",TRUE,0.00464295663478503
"bivt",0.005,1000,"0.05",TRUE,0.00324014071468247
"bivt",0.005,1000,"0.1",TRUE,0.00274725274725275
"bivt",0.005,1000,"0.01",TRUE,0.006
"bivt",0.005,1000,"0.05",TRUE,0.006
"bivt",0.005,1000,"0.1",TRUE,0.00444500889001777
"bivt",0.005,1000,"0.01",TRUE,0.007
"bivt",0.005,1000,"0.05",TRUE,0.00394677306764597
"bivt",0.005,1000,"0.1",TRUE,0.00332072423616063
"bivt",0.005,1000,"0.01",TRUE,0.006
"bivt",0.005,1000,"0.05",TRUE,0.006
"bivt",0.005,1000,"0.1",TRUE,0.00469123166154896
"bivt",0.005,1000,"0.01",TRUE,0.007
"bivt",0.005,1000,"0.05",FALSE,0.0031429244912391
"bivt",0.005,1000,"0.1",FALSE,0.00255414889757581
"bivt",0.005,1000,"0.01",FALSE,0.00452252315739566
"bivt",0.005,1000,"0.05",TRUE,0.00324014071468247
"bivt",0.005,1000,"0.1",FALSE,0.00283114256825076
"bivt",0.005,1000,"0.01",TRUE,0.00469466914768818
"bivt",0.005,1000,"0.05",TRUE,0.00356052899287894
"bivt",0.005,1000,"0.1",FALSE,0.00305498981670061
"bivt",0.005,1000,"0.01",TRUE,0.00452130665762405
"bivt",0.005,1000,"0.05",FALSE,0.00225149161319374
"bivt",0.005,1000,"0.1",FALSE,0.00202839756592292
"bivt",0.005,1000,"0.01",FALSE,0.00288924591777445
"bivt",0.005,1000,"0.05",TRUE,0.00354961680961655
"bivt",0.005,1000,"0.1",TRUE,0.003125
"bivt",0.005,1000,"0.01",TRUE,0.006
"bivt",0.005,1000,"0.05",TRUE,0.00395212285456188
"bivt",0.005,1000,"0.1",FALSE,0.00324014071468247
"bivt",0.005,1000,"0.01",TRUE,0.006
"bivt",0.005,1000,"0.05",TRUE,0.00355476691380098
"bivt",0.005,1000,"0.1",FALSE,0.00277443817626931
"bivt",0.005,1000,"0.01",TRUE,0.006
"bivt",0.005,1000,"0.05",FALSE,0.00338409475465313
"bivt",0.005,1000,"0.1",FALSE,0.00327461607949413
"bivt",0.005,1000,"0.01",FALSE,0.00444162436548223
"bivt",0.005,1000,"0.05",TRUE,0.0039683437356496
"bivt",0.005,1000,"0.1",TRUE,0.0032788963207458
"bivt",0.005,1000,"0.01",TRUE,0.006
"bivt",0.005,1000,"0.05",FALSE,0.00356052899287894
"bivt",0.005,1000,"0.1",FALSE,0.00324325864743532
"bivt",0.005,1000,"0.01",FALSE,0.00452130665762405
"bivt",0.005,1000,"0.05",TRUE,0.006
"bivt",0.005,1000,"0.1",TRUE,0.0045230332147303
"bivt",0.005,1000,"0.01",TRUE,0.007
"bivt",0.005,1000,"0.05",TRUE,0.00407331975560081
"bivt",0.005,1000,"0.1",TRUE,0.00336871250576834
"bivt",0.005,1000,"0.01",TRUE,0.006
"bivt",0.005,1000,"0.05",TRUE,0.00324045634312863
"bivt",0.005,1000,"0.1",TRUE,0.00281929468702182
"bivt",0.005,1000,"0.01",TRUE,0.00426237302969864
"bivt",0.005,1000,"0.05",FALSE,0.00253807106598985
"bivt",0.005,1000,"0.1",FALSE,0.00225149161319374
"bivt",0.005,1000,"0.01",FALSE,0.00341676589978775
"bivt",0.005,1000,"0.05",FALSE,0.00234250213079595
"bivt",0.005,1000,"0.1",FALSE,0.00202839756592292
"bivt",0.005,1000,"0.01",FALSE,0.00289214821235025
"bivt",0.005,1000,"0.05",FALSE,0.00254582484725051
"bivt",0.005,1000,"0.1",FALSE,0.00253036437246964
"bivt",0.005,1000,"0.01",FALSE,0.00338409475465313
"bivt",0.005,1000,"0.05",TRUE,0.00330086980879692
"bivt",0.005,1000,"0.1",TRUE,0.00277443817626931
"bivt",0.005,1000,"0.01",TRUE,0.00449976138999224
"bivt",0.005,1000,"0.05",TRUE,0.00324014071468247
"bivt",0.005,1000,"0.1",TRUE,0.00281721884155961
"bivt",0.005,1000,"0.01",TRUE,0.00461356249170434
"bivt",0.005,1000,"0.05",TRUE,0.00342057481953855
"bivt",0.005,1000,"0.1",TRUE,0.00295464618111981
"bivt",0.005,1000,"0.01",TRUE,0.00444278420349975
"bivt",0.005,1000,"0.05",TRUE,0.00370679269761839
"bivt",0.005,1000,"0.1",TRUE,0.00315128267871819
"bivt",0.005,1000,"0.01",TRUE,0.00490455958549222
"bivt",0.005,1000,"0.05",TRUE,0.0033298282509639
"bivt",0.005,1000,"0.1",TRUE,0.00292141396435875
"bivt",0.005,1000,"0.01",TRUE,0.00452192224798758
"bivt",0.005,1000,"0.05",TRUE,0.00426039536468984
"bivt",0.005,1000,"0.1",TRUE,0.00363482159084025
"bivt",0.005,1000,"0.01",TRUE,0.006
"bivt",0.005,1000,"0.05",FALSE,0.00350615054279766
"bivt",0.005,1000,"0.1",FALSE,0.00292141396435875
"bivt",0.005,1000,"0.01",TRUE,0.006
"bivt",0.005,1000,"0.05",TRUE,0.00433480453972257
"bivt",0.005,1000,"0.1",TRUE,0.00354211916946631
"bivt",0.005,1000,"0.01",TRUE,0.006
"bivt",0.005,1000,"0.05",TRUE,0.00383507952779013
"bivt",0.005,1000,"0.1",TRUE,0.00343642611683849
"bivt",0.005,1000,"0.01",TRUE,0.006
"bivt",0.005,1000,"0.05",TRUE,0.00356424362277701
"bivt",0.005,1000,"0.1",TRUE,0.00282438905620475
"bivt",0.005,1000,"0.01",TRUE,0.006
"bivt",0.005,1000,"0.05",TRUE,0.006
"bivt",0.005,1000,"0.1",FALSE,0.00411733692823108
"bivt",0.005,1000,"0.01",TRUE,0.007
"bivt",0.005,1000,"0.05",FALSE,0.00370679269761839
"bivt",0.005,1000,"0.1",FALSE,0.00297315664288141
"bivt",0.005,1000,"0.01",FALSE,0.00458715596330276
"bivt",0.005,1000,"0.05",FALSE,0.00366279235902626
"bivt",0.005,1000,"0.1",FALSE,0.00307377049180328
"bivt",0.005,1000,"0.01",TRUE,0.006
"bivt",0.005,1000,"0.05",FALSE,0.00309626610404242
"bivt",0.005,1000,"0.1",FALSE,0.00281721884155961
"bivt",0.005,1000,"0.01",FALSE,0.00395212285456188
"bivt",0.005,1000,"0.05",FALSE,0.00304878048780488
"bivt",0.005,1000,"0.1",FALSE,0.00255362614913177
"bivt",0.005,1000,"0.01",TRUE,0.00387649102326112
"bivt",0.005,1000,"0.05",TRUE,0.00395557184919465
"bivt",0.005,1000,"0.1",TRUE,0.00324014071468247
"bivt",0.005,1000,"0.01",TRUE,0.006
"bivt",0.005,1000,"0.05",FALSE,0.00260501322385374
"bivt",0.005,1000,"0.1",FALSE,0.00234157844269207
"bivt",0.005,1000,"0.01",FALSE,0.00307224100537119
"bivt",0.005,1000,"0.05",TRUE,0.007
"bivt",0.005,1000,"0.1",TRUE,0.006
"bivt",0.005,1000,"0.01",TRUE,0.008
"bivt",0.005,1000,"0.05",TRUE,0.00356052899287894
"bivt",0.005,1000,"0.1",TRUE,0.00281721884155961
"bivt",0.005,1000,"0.01",TRUE,0.0046460743049859
"bivt",0.005,1000,"0.05",TRUE,0.00341122283102365
"bivt",0.005,1000,"0.1",TRUE,0.00288461538461539
"bivt",0.005,1000,"0.01",TRUE,0.00456920448838519
"bivt",0.005,1000,"0.05",TRUE,0.0040803042565299
"bivt",0.005,1000,"0.1",TRUE,0.00341880341880342
"bivt",0.005,1000,"0.01",TRUE,0.006
"bivt",0.005,1000,"0.05",TRUE,0.00356052899287894
"bivt",0.005,1000,"0.1",TRUE,0.00310087359873485
"bivt",0.005,1000,"0.01",TRUE,0.00452130665762405
"bivt",0.005,1000,"0.05",TRUE,0.002799661080921
"bivt",0.005,1000,"0.1",TRUE,0.00253807106598985
"bivt",0.005,1000,"0.01",TRUE,0.00371684566435863
"bivt",0.005,1000,"0.05",TRUE,0.00356052899287894
"bivt",0.005,1000,"0.1",FALSE,0.0027748632987167
"bivt",0.005,1000,"0.01",TRUE,0.00452130665762405
"bivt",0.005,1000,"0.05",TRUE,0.00407331975560082
"bivt",0.005,1000,"0.1",TRUE,0.00320418022281376
"bivt",0.005,1000,"0.01",TRUE,0.006
"bivt",0.005,1000,"0.05",TRUE,0.00408063557815516
"bivt",0.005,1000,"0.1",TRUE,0.0034627092997246
"bivt",0.005,1000,"0.01",TRUE,0.006
"bivt",0.005,1000,"0.05",TRUE,0.00340487493298656
"bivt",0.005,1000,"0.1",TRUE,0.00288877327810932
"bivt",0.005,1000,"0.01",TRUE,0.006
"bivt",0.005,1000,"0.05",FALSE,0.00356052899287894
"bivt",0.005,1000,"0.1",FALSE,0.00305046776177433
"bivt",0.005,1000,"0.01",TRUE,0.00452130665762405
"bivt",0.005,1000,"0.05",TRUE,0.00428490965257509
"bivt",0.005,1000,"0.1",FALSE,0.00356052899287894
"bivt",0.005,1000,"0.01",TRUE,0.006
"bivt",0.005,1000,"0.05",TRUE,0.00440011733646231
"bivt",0.005,1000,"0.1",TRUE,0.00369801645133617
"bivt",0.005,1000,"0.01",TRUE,0.006
"bivt",0.005,1000,"0.05",FALSE,0.00340136054421768
"bivt",0.005,1000,"0.1",FALSE,0.00292141396435875
"bivt",0.005,1000,"0.01",TRUE,0.00417525701487139
"bivt",0.005,1000,"0.05",TRUE,0.00370679269761839
"bivt",0.005,1000,"0.1",TRUE,0.00304878048780488
"bivt",0.005,1000,"0.01",TRUE,0.00458901841186066
"bivt",0.005,1000,"0.05",TRUE,0.0036592505854801
"bivt",0.005,1000,"0.1",TRUE,0.00307377049180328
"bivt",0.005,1000,"0.01",TRUE,0.006
"bivt",0.005,1000,"0.05",TRUE,0.00353288797533402
"bivt",0.005,1000,"0.1",TRUE,0.00285779606767261
"bivt",0.005,1000,"0.01",TRUE,0.006
"bivt",0.005,1000,"0.05",TRUE,0.007
"bivt",0.005,1000,"0.1",TRUE,0.007
"bivt",0.005,1000,"0.01",TRUE,0.008
"bivt",0.005,1000,"0.05",FALSE,0.00417439703153989
"bivt",0.005,1000,"0.1",FALSE,0.00354694546654508
"bivt",0.005,1000,"0.01",TRUE,0.006
"bivt",0.005,1000,"0.05",FALSE,0.00297315664288141
"bivt",0.005,1000,"0.1",FALSE,0.00253036437246964
"bivt",0.005,1000,"0.01",FALSE,0.00407428520689577
"bivt",0.005,1000,"0.05",TRUE,0.00407331975560082
"bivt",0.005,1000,"0.1",TRUE,0.00356052899287894
"bivt",0.005,1000,"0.01",TRUE,0.006
"bivt",0.005,1000,"0.05",TRUE,0.00304878048780488
"bivt",0.005,1000,"0.1",TRUE,0.00254582484725051
"bivt",0.005,1000,"0.01",TRUE,0.00395212285456188
"bivt",0.005,1000,"0.05",TRUE,0.00393669789780333
"bivt",0.005,1000,"0.1",TRUE,0.00328995467173563
"bivt",0.005,1000,"0.01",TRUE,0.006
"bivt",0.005,1000,"0.05",TRUE,0.00411099691675231
"bivt",0.005,1000,"0.1",TRUE,0.00356052899287894
"bivt",0.005,1000,"0.01",TRUE,0.006
"bivt",0.005,1000,"0.05",TRUE,0.0043639771165629
"bivt",0.005,1000,"0.1",TRUE,0.00356052899287894
"bivt",0.005,1000,"0.01",TRUE,0.006
"bivt",0.005,1000,"0.05",TRUE,0.00411829175869895
"bivt",0.005,1000,"0.1",TRUE,0.00353288797533402
"bivt",0.005,1000,"0.01",TRUE,0.006
"bivt",0.005,1000,"0.05",TRUE,0.00455760816723384
"bivt",0.005,1000,"0.1",FALSE,0.00363726449030424
"bivt",0.005,1000,"0.01",TRUE,0.007
"bivt",0.005,1000,"0.05",FALSE,0.00262311850339046
"bivt",0.005,1000,"0.1",FALSE,0.00233984799234729
"bivt",0.005,1000,"0.01",FALSE,0.0030356899777588
"bivt",0.005,1000,"0.05",TRUE,0.00353288797533402
"bivt",0.005,1000,"0.1",TRUE,0.00302279185055317
"bivt",0.005,1000,"0.01",TRUE,0.00458900133216774
"bivt",0.005,1000,"0.05",TRUE,0.0029264973044576
"bivt",0.005,1000,"0.1",TRUE,0.00274165752780824
"bivt",0.005,1000,"0.01",TRUE,0.00407331975560082
"bivt",0.005,1000,"0.05",FALSE,0.0036592505854801
"bivt",0.005,1000,"0.1",FALSE,0.00338409475465313
"bivt",0.005,1000,"0.01",FALSE,0.00459534031413611
"bivt",0.005,1000,"0.05",TRUE,0.00361770641347869
"bivt",0.005,1000,"0.1",FALSE,0.00304878048780488
"bivt",0.005,1000,"0.01",TRUE,0.00496810553296098
"bivt",0.005,1000,"0.05",TRUE,0.00370726473939952
"bivt",0.005,1000,"0.1",TRUE,0.00330267149427536
"bivt",0.005,1000,"0.01",TRUE,0.006
"bivt",0.005,1000,"0.05",FALSE,0.00330786367330601
"bivt",0.005,1000,"0.1",FALSE,0.00299591806164101
"bivt",0.005,1000,"0.01",TRUE,0.006
"bivt",0.005,1000,"0.05",TRUE,0.00407331975560082
"bivt",0.005,1000,"0.1",TRUE,0.00324014071468247
"bivt",0.005,1000,"0.01",TRUE,0.006
"bivt",0.005,1000,"0.05",TRUE,0.006
"bivt",0.005,1000,"0.1",TRUE,0.00451503916723885
"bivt",0.005,1000,"0.01",TRUE,0.008
"bivt",0.005,1000,"0.05",FALSE,0.00343642611683849
"bivt",0.005,1000,"0.1",FALSE,0.00298426478567553
"bivt",0.005,1000,"0.01",TRUE,0.00451030927835052
"bivt",0.005,1000,"0.05",TRUE,0.00411099691675231
"bivt",0.005,1000,"0.1",TRUE,0.00353288797533402
"bivt",0.005,1000,"0.01",TRUE,0.006
"bivt",0.005,1000,"0.05",TRUE,0.00356052899287894
"bivt",0.005,1000,"0.1",TRUE,0.00338409475465313
"bivt",0.005,1000,"0.01",TRUE,0.00444162436548223
"bivt",0.005,1000,"0.05",TRUE,0.00441498115580076
"bivt",0.005,1000,"0.1",TRUE,0.00369425490764498
"bivt",0.005,1000,"0.01",TRUE,0.006
"bivt",0.005,1000,"0.05",TRUE,0.0031429244912391
"bivt",0.005,1000,"0.1",FALSE,0.00253807106598985
"bivt",0.005,1000,"0.01",TRUE,0.00458715596330275
"bivt",0.005,1000,"0.05",FALSE,0.00303335238732983
"bivt",0.005,1000,"0.1",FALSE,0.0027010686783214
"bivt",0.005,1000,"0.01",TRUE,0.00430527332694041
"bivt",0.005,1000,"0.05",FALSE,0.0031661600810537
"bivt",0.005,1000,"0.1",FALSE,0.00277443817626931
"bivt",0.005,1000,"0.01",FALSE,0.00383534539705741
"bivt",0.005,1000,"0.05",TRUE,0.00433480453972257
"bivt",0.005,1000,"0.1",TRUE,0.0031429244912391
"bivt",0.005,1000,"0.01",TRUE,0.006
"bivt",0.005,1000,"0.05",TRUE,0.00324014071468247
"bivt",0.005,1000,"0.1",TRUE,0.00277443817626931
"bivt",0.005,1000,"0.01",TRUE,0.00410623482494201
"bivt",0.005,1000,"0.05",TRUE,0.00395188040478224
"bivt",0.005,1000,"0.1",TRUE,0.00304878048780488
"bivt",0.005,1000,"0.01",TRUE,0.00491321853776161
"bivt",0.005,1000,"0.05",FALSE,0.00304878048780488
"bivt",0.005,1000,"0.1",FALSE,0.00243161094224924
"bivt",0.005,1000,"0.01",FALSE,0.00343727919446628
"bivt",0.005,1000,"0.05",TRUE,0.0031429244912391
"bivt",0.005,1000,"0.1",TRUE,0.00277838146351025
"bivt",0.005,1000,"0.01",TRUE,0.00487807125745635
"bivt",0.005,1000,"0.05",TRUE,0.00370679269761839
"bivt",0.005,1000,"0.1",TRUE,0.00297315664288141
"bivt",0.005,1000,"0.01",TRUE,0.00464386434654369
"bivt",0.005,1000,"0.05",TRUE,0.00464295663478503
"bivt",0.005,1000,"0.1",TRUE,0.00341880341880342
"bivt",0.005,1000,"0.01",TRUE,0.007
"bivt",0.005,1000,"0.05",TRUE,0.006
"bivt",0.005,1000,"0.1",TRUE,0.00422036393532918
"bivt",0.005,1000,"0.01",TRUE,0.006
"bivt",0.005,1000,"0.05",TRUE,0.00395212285456188
"bivt",0.005,1000,"0.1",TRUE,0.00361480624638519
"bivt",0.005,1000,"0.01",TRUE,0.006
"bivt",0.005,1000,"0.05",TRUE,0.00383043922369765
"bivt",0.005,1000,"0.1",TRUE,0.00322680128687897
"bivt",0.005,1000,"0.01",TRUE,0.00487781130239065
"bivt",0.005,1000,"0.05",FALSE,0.00298426478567553
"bivt",0.005,1000,"0.1",FALSE,0.00271833436745065
"bivt",0.005,1000,"0.01",FALSE,0.00395212285456188
"bivt",0.005,1000,"0.05",TRUE,0.007
"bivt",0.005,1000,"0.1",TRUE,0.006
"bivt",0.005,1000,"0.01",TRUE,0.008
"bivt",0.005,1000,"0.05",FALSE,0.00417504080938153
"bivt",0.005,1000,"0.1",FALSE,0.00340136054421769
"bivt",0.005,1000,"0.01",TRUE,0.006
"bivt",0.005,1000,"0.05",TRUE,0.00283436023635047
"bivt",0.005,1000,"0.1",TRUE,0.00253807106598985
"bivt",0.005,1000,"0.01",TRUE,0.00403161494265788
"bivt",0.005,1000,"0.05",TRUE,0.00464295663478503
"bivt",0.005,1000,"0.1",TRUE,0.00370679269761839
"bivt",0.005,1000,"0.01",TRUE,0.00600999999999999
"bivt",0.005,1000,"0.05",TRUE,0.00341880341880342
"bivt",0.005,1000,"0.1",TRUE,0.00282473505316418
"bivt",0.005,1000,"0.01",TRUE,0.00426271306512612
"bivt",0.005,1000,"0.05",TRUE,0.00338409475465313
"bivt",0.005,1000,"0.1",TRUE,0.00277443817626931
"bivt",0.005,1000,"0.01",TRUE,0.00444162436548223
"bivt",0.005,1000,"0.05",TRUE,0.0048374613003096
"bivt",0.005,1000,"0.1",TRUE,0.00401744719926538
"bivt",0.005,1000,"0.01",TRUE,0.007
"bivt",0.005,1000,"0.05",TRUE,0.00332396795801854
"bivt",0.005,1000,"0.1",TRUE,0.00274725274725274
"bivt",0.005,1000,"0.01",TRUE,0.0043699825131402
"bivt",0.005,1000,"0.05",TRUE,0.00455338086045993
"bivt",0.005,1000,"0.1",TRUE,0.00407331975560081
"bivt",0.005,1000,"0.01",TRUE,0.006
"bivt",0.005,1000,"0.05",TRUE,0.00338409475465313
"bivt",0.005,1000,"0.1",TRUE,0.00304878048780488
"bivt",0.005,1000,"0.01",TRUE,0.00426683389912829
"bivt",0.005,1000,"0.05",TRUE,0.00342082942318966
"bivt",0.005,1000,"0.1",FALSE,0.00304878048780488
"bivt",0.005,1000,"0.01",TRUE,0.00436323970548132
"bivt",0.005,1000,"0.05",TRUE,0.006
"bivt",0.005,1000,"0.1",TRUE,0.00422134031057613
"bivt",0.005,1000,"0.01",TRUE,0.007
"bivt",0.005,1000,"0.05",FALSE,0.00341880341880342
"bivt",0.005,1000,"0.1",FALSE,0.00294463422657657
"bivt",0.005,1000,"0.01",FALSE,0.00464386434654369
"bivt",0.005,1000,"0.05",TRUE,0.0034902053895738
"bivt",0.005,1000,"0.1",FALSE,0.00297315664288141
"bivt",0.005,1000,"0.01",TRUE,0.00440011733646231
"bivt",0.005,1000,"0.05",TRUE,0.00356052899287894
"bivt",0.005,1000,"0.1",TRUE,0.00294256120527307
"bivt",0.005,1000,"0.01",TRUE,0.00452130665762405
"bivt",0.005,1000,"0.05",TRUE,0.00422789342229738
"bivt",0.005,1000,"0.1",TRUE,0.00334021177209604
"bivt",0.005,1000,"0.01",TRUE,0.007
"bivt",0.005,1000,"0.05",TRUE,0.00338409475465313
"bivt",0.005,1000,"0.1",TRUE,0.00302511498201913
"bivt",0.005,1000,"0.01",TRUE,0.00433487811829408
"bivt",0.005,1000,"0.05",TRUE,0.007
"bivt",0.005,1000,"0.1",TRUE,0.006
"bivt",0.005,1000,"0.01",TRUE,0.008
"bivt",0.005,1000,"0.05",TRUE,0.0048374613003096
"bivt",0.005,1000,"0.1",TRUE,0.00391440501043841
"bivt",0.005,1000,"0.01",TRUE,0.007
"bivt",0.005,1000,"0.05",TRUE,0.00458715596330275
"bivt",0.005,1000,"0.1",TRUE,0.00379823361655508
"bivt",0.005,1000,"0.01",TRUE,0.007
"bivt",0.005,1000,"0.05",FALSE,0.00281721884155961
"bivt",0.005,1000,"0.1",FALSE,0.00253807106598985
"bivt",0.005,1000,"0.01",FALSE,0.00380324543610548
"bivt",0.005,1000,"0.05",TRUE,0.006
"bivt",0.005,1000,"0.1",FALSE,0.00445816186556928
"bivt",0.005,1000,"0.01",TRUE,0.007
"bivt",0.005,1000,"0.05",TRUE,0.00304878048780488
"bivt",0.005,1000,"0.1",TRUE,0.0025544110752022
"bivt",0.005,1000,"0.01",TRUE,0.006
"bivt",0.005,1000,"0.05",TRUE,0.00458715596330275
"bivt",0.005,1000,"0.1",TRUE,0.00387471474543024
"bivt",0.005,1000,"0.01",TRUE,0.006
"bivt",0.005,1000,"0.05",FALSE,0.00439582154777245
"bivt",0.005,1000,"0.1",FALSE,0.0036733606694096
"bivt",0.005,1000,"0.01",TRUE,0.006
"bivt",0.005,1000,"0.05",FALSE,0.00372663685357184
"bivt",0.005,1000,"0.1",FALSE,0.00302279185055317
"bivt",0.005,1000,"0.01",TRUE,0.006
"bivt",0.005,1000,"0.05",FALSE,0.00473372781065089
"bivt",0.005,1000,"0.1",FALSE,0.00395212285456188
"bivt",0.005,1000,"0.01",TRUE,0.007
"bivt",0.005,1000,"0.05",TRUE,0.00473372781065089
"bivt",0.005,1000,"0.1",TRUE,0.00402930402930403
"bivt",0.005,1000,"0.01",TRUE,0.006
"bivt",0.005,1000,"0.05",TRUE,0.00401744719926538
"bivt",0.005,1000,"0.1",TRUE,0.00324811947227306
"bivt",0.005,1000,"0.01",TRUE,0.00455760816723384
"bivt",0.005,1000,"0.05",TRUE,0.006
"bivt",0.005,1000,"0.1",TRUE,0.00417439703153989
"bivt",0.005,1000,"0.01",TRUE,0.007
"bivt",0.005,1000,"0.05",TRUE,0.00491883915395967
"bivt",0.005,1000,"0.1",TRUE,0.00366213479985095
"bivt",0.005,1000,"0.01",TRUE,0.007
"bivt",0.005,1000,"0.05",FALSE,0.00356052899287894
"bivt",0.005,1000,"0.1",FALSE,0.00304878048780488
"bivt",0.005,1000,"0.01",FALSE,0.00454242149152882
"bivt",0.005,1000,"0.05",FALSE,0.00338967730272078
"bivt",0.005,1000,"0.1",FALSE,0.00324014071468247
"bivt",0.005,1000,"0.01",TRUE,0.00469232332305465
"bivt",0.005,1000,"0.05",TRUE,0.00383043922369765
"bivt",0.005,1000,"0.1",TRUE,0.00308249835001748
"bivt",0.005,1000,"0.01",TRUE,0.00464295663478503
"bivt",0.005,1000,"0.05",FALSE,0.00288483066478517
"bivt",0.005,1000,"0.1",FALSE,0.00253807106598985
"bivt",0.005,1000,"0.01",FALSE,0.0039657045137965
"bivt",0.005,1000,"0.05",TRUE,0.00417439703153989
"bivt",0.005,1000,"0.1",FALSE,0.00395212285456188
"bivt",0.005,1000,"0.01",TRUE,0.006
"bivt",0.005,1000,"0.05",TRUE,0.00489349453080023
"bivt",0.005,1000,"0.1",TRUE,0.0038860103626943
"bivt",0.005,1000,"0.01",TRUE,0.007
"bivt",0.005,1000,"0.05",TRUE,0.00458715596330275
"bivt",0.005,1000,"0.1",TRUE,0.00382809864929613
"bivt",0.005,1000,"0.01",TRUE,0.006
"bivt",0.005,1000,"0.05",TRUE,0.006
"bivt",0.005,1000,"0.1",TRUE,0.00443007780006851
"bivt",0.005,1000,"0.01",TRUE,0.007
"bivt",0.005,1000,"0.05",FALSE,0.00362094563976288
"bivt",0.005,1000,"0.1",FALSE,0.00317560699584582
"bivt",0.005,1000,"0.01",TRUE,0.006
"bivt",0.005,1000,"0.05",FALSE,0.00297315664288141
"bivt",0.005,1000,"0.1",FALSE,0.00253036437246964
"bivt",0.005,1000,"0.01",FALSE,0.0037009513461918
"bivt",0.005,1000,"0.05",TRUE,0.00309917355371901
"bivt",0.005,1000,"0.1",TRUE,0.00256147540983607
"bivt",0.005,1000,"0.01",TRUE,0.00433480453972257
"bivt",0.005,1000,"0.05",FALSE,0.00255513717036494
"bivt",0.005,1000,"0.1",FALSE,0.00225149161319374
"bivt",0.005,1000,"0.01",FALSE,0.00347514368463047
"bivt",0.005,1000,"0.05",TRUE,0.00402930402930403
"bivt",0.005,1000,"0.1",TRUE,0.00341880341880342
"bivt",0.005,1000,"0.01",TRUE,0.006
"bivt",0.005,1000,"0.05",TRUE,0.00335666110995299
"bivt",0.005,1000,"0.1",TRUE,0.002795567279973
"bivt",0.005,1000,"0.01",TRUE,0.00440582784414424
"bivt",0.005,1000,"0.05",TRUE,0.006
"bivt",0.005,1000,"0.1",TRUE,0.0036194181785278
"bivt",0.005,1000,"0.01",TRUE,0.007
"bivt",0.005,1000,"0.05",FALSE,0.00334647664231016
"bivt",0.005,1000,"0.1",FALSE,0.00304878048780488
"bivt",0.005,1000,"0.01",FALSE,0.00432212271829842
"bivt",0.005,1000,"0.05",TRUE,0.007
"bivt",0.005,1000,"0.1",TRUE,0.006
"bivt",0.005,1000,"0.01",TRUE,0.009
"bivt",0.005,1000,"0.05",FALSE,0.00253074970714564
"bivt",0.005,1000,"0.1",FALSE,0.00225149161319374
"bivt",0.005,1000,"0.01",TRUE,0.00316660860920653
"bivt",0.005,1000,"0.05",TRUE,0.006
"bivt",0.005,1000,"0.1",TRUE,0.00452789158819193
"bivt",0.005,1000,"0.01",TRUE,0.008
"bivt",0.005,1000,"0.05",TRUE,0.00433480453972257
"bivt",0.005,1000,"0.1",FALSE,0.0033284918905834
"bivt",0.005,1000,"0.01",TRUE,0.006
"bivt",0.005,1000,"0.05",TRUE,0.00363482159084025
"bivt",0.005,1000,"0.1",TRUE,0.00304878048780488
"bivt",0.005,1000,"0.01",TRUE,0.00464295663478503
"bivt",0.005,1000,"0.05",TRUE,0.00340136054421769
"bivt",0.005,1000,"0.1",TRUE,0.00287385282602285
"bivt",0.005,1000,"0.01",TRUE,0.00458715596330275
"bivt",0.005,1000,"0.05",TRUE,0.00452459912290799
"bivt",0.005,1000,"0.1",TRUE,0.00324014071468247
"bivt",0.005,1000,"0.01",TRUE,0.006
"bivt",0.005,1000,"0.05",TRUE,0.0050455333353002
"bivt",0.005,1000,"0.1",TRUE,0.00395212285456188
"bivt",0.005,1000,"0.01",TRUE,0.007
"bivt",0.005,1000,"0.05",TRUE,0.00433807017955956
"bivt",0.005,1000,"0.1",FALSE,0.00347624616641881
"bivt",0.005,1000,"0.01",TRUE,0.007
"bivt",0.005,1000,"0.05",TRUE,0.00418710843534309
"bivt",0.005,1000,"0.1",TRUE,0.0036592505854801
"bivt",0.005,1000,"0.01",TRUE,0.006
"bivt",0.005,1000,"0.05",TRUE,0.00398732698266747
"bivt",0.005,1000,"0.1",TRUE,0.00340136054421769
"bivt",0.005,1000,"0.01",TRUE,0.006
"bivt",0.005,1000,"0.05",TRUE,0.00338409475465313
"bivt",0.005,1000,"0.1",TRUE,0.0031429244912391
"bivt",0.005,1000,"0.01",TRUE,0.00465652706843717
"bivt",0.005,1000,"0.05",FALSE,0.00253036437246964
"bivt",0.005,1000,"0.1",FALSE,0.0022279607994613
"bivt",0.005,1000,"0.01",FALSE,0.00316658266915487
"bivt",0.005,1000,"0.05",FALSE,0.00338760158859577
"bivt",0.005,1000,"0.1",FALSE,0.00277443817626931
"bivt",0.005,1000,"0.01",FALSE,0.00401435290337192
"bivt",0.005,1000,"0.05",FALSE,0.00349112171558389
"bivt",0.005,1000,"0.1",FALSE,0.00297423096819331
"bivt",0.005,1000,"0.01",FALSE,0.00418848167539267
"bivt",0.005,1000,"0.05",TRUE,0.00452312173310454
"bivt",0.005,1000,"0.1",TRUE,0.00395212285456188
"bivt",0.005,1000,"0.01",TRUE,0.006
"bivt",0.005,1000,"0.05",TRUE,0.006
"bivt",0.005,1000,"0.1",TRUE,0.00473372781065089
"bivt",0.005,1000,"0.01",TRUE,0.008
"bivt",0.005,1000,"0.05",TRUE,0.00363842014617915
"bivt",0.005,1000,"0.1",TRUE,0.00338409475465313
"bivt",0.005,1000,"0.01",TRUE,0.006
"bivt",0.005,1000,"0.05",TRUE,0.00464031703245758
"bivt",0.005,1000,"0.1",TRUE,0.00406388668845281
"bivt",0.005,1000,"0.01",TRUE,0.007
"bivt",0.005,1000,"0.05",TRUE,0.00319812704531081
"bivt",0.005,1000,"0.1",TRUE,0.00256147540983607
"bivt",0.005,1000,"0.01",TRUE,0.00472517857142856
"bivt",0.005,1000,"0.05",TRUE,0.00352017029283775
"bivt",0.005,1000,"0.1",FALSE,0.00304878048780488
"bivt",0.005,1000,"0.01",TRUE,0.00490455958549222
"bivt",0.005,1000,"0.05",TRUE,0.00458715596330275
"bivt",0.005,1000,"0.1",TRUE,0.00393369437939109
"bivt",0.005,1000,"0.01",TRUE,0.006
"bivt",0.005,1000,"0.05",TRUE,0.00480604188122211
"bivt",0.005,1000,"0.1",TRUE,0.00380993849670712
"bivt",0.005,1000,"0.01",TRUE,0.007
"bivt",0.005,1000,"0.05",FALSE,0.00363832058243042
"bivt",0.005,1000,"0.1",FALSE,0.0032733146405744
"bivt",0.005,1000,"0.01",FALSE,0.00444162436548223
"bivt",0.005,1000,"0.05",FALSE,0.00277443817626931
"bivt",0.005,1000,"0.1",FALSE,0.00232363009090096
"bivt",0.005,1000,"0.01",FALSE,0.00350425684193914
"bivt",0.005,1000,"0.05",TRUE,0.00291237401650011
"bivt",0.005,1000,"0.1",TRUE,0.00253807106598985
"bivt",0.005,1000,"0.01",TRUE,0.00364544814631078
"bivt",0.005,1000,"0.05",TRUE,0.007
"bivt",0.005,1000,"0.1",TRUE,0.007
"bivt",0.005,1000,"0.01",TRUE,0.009
"bivt",0.005,1000,"0.05",TRUE,0.00407331975560082
"bivt",0.005,1000,"0.1",TRUE,0.00390327582945487
"bivt",0.005,1000,"0.01",TRUE,0.006
"bivt",0.005,1000,"0.05",TRUE,0.006
"bivt",0.005,1000,"0.1",TRUE,0.00445816186556928
"bivt",0.005,1000,"0.01",TRUE,0.007
"bivt",0.005,1000,"0.05",TRUE,0.00379132321652951
"bivt",0.005,1000,"0.1",TRUE,0.00325182101977107
"bivt",0.005,1000,"0.01",TRUE,0.006
"bivt",0.005,1000,"0.05",TRUE,0.00372930519989343
"bivt",0.005,1000,"0.1",FALSE,0.00283797729618163
"bivt",0.005,1000,"0.01",TRUE,0.006
"bivt",0.005,1000,"0.05",TRUE,0.00361503684299232
"bivt",0.005,1000,"0.1",FALSE,0.00302418227296493
"bivt",0.005,1000,"0.01",TRUE,0.00451263906530874
"bivt",0.005,1000,"0.05",TRUE,0.00418383110195675
"bivt",0.005,1000,"0.1",TRUE,0.00363542604437398
"bivt",0.005,1000,"0.01",TRUE,0.006
"bivt",0.005,1000,"0.05",TRUE,0.00413618948101707
"bivt",0.005,1000,"0.1",TRUE,0.00324014071468247
"bivt",0.005,1000,"0.01",TRUE,0.006
"bivt",0.005,1000,"0.05",TRUE,0.006
"bivt",0.005,1000,"0.1",TRUE,0.00464295663478503
"bivt",0.005,1000,"0.01",TRUE,0.007
"bivt",0.005,1000,"0.05",FALSE,0.00277443817626931
"bivt",0.005,1000,"0.1",FALSE,0.00225149161319374
"bivt",0.005,1000,"0.01",TRUE,0.00370582708699703
"bivt",0.005,1000,"0.05",TRUE,0.00304878048780488
"bivt",0.005,1000,"0.1",FALSE,0.00269489157025133
"bivt",0.005,1000,"0.01",TRUE,0.00397935805913351
"bivt",0.005,1000,"0.05",TRUE,0.00375536480686694
"bivt",0.005,1000,"0.1",TRUE,0.00320080081514064
"bivt",0.005,1000,"0.01",TRUE,0.007
"bivt",0.005,1000,"0.05",FALSE,0.00281721884155961
"bivt",0.005,1000,"0.1",FALSE,0.0027517573594567
"bivt",0.005,1000,"0.01",FALSE,0.00380324543610548
"bivt",0.005,1000,"0.05",TRUE,0.006
"bivt",0.005,1000,"0.1",TRUE,0.00402930402930403
"bivt",0.005,1000,"0.01",TRUE,0.007
"bivt",0.005,1000,"0.05",FALSE,0.00309609505011804
"bivt",0.005,1000,"0.1",FALSE,0.00254582484725051
"bivt",0.005,1000,"0.01",TRUE,0.00473406619067363
"bivt",0.005,1000,"0.05",TRUE,0.00340136054421769
"bivt",0.005,1000,"0.1",TRUE,0.00290357090849575
"bivt",0.005,1000,"0.01",TRUE,0.006
"bivt",0.005,1000,"0.05",TRUE,0.006
"bivt",0.005,1000,"0.1",TRUE,0.006
"bivt",0.005,1000,"0.01",TRUE,0.008
"bivt",0.005,1000,"0.05",TRUE,0.00373330043169276
"bivt",0.005,1000,"0.1",TRUE,0.00308016621201307
"bivt",0.005,1000,"0.01",TRUE,0.006
"bivt",0.005,1000,"0.05",TRUE,0.006
"bivt",0.005,1000,"0.1",TRUE,0.006
"bivt",0.005,1000,"0.01",TRUE,0.007
"bivt",0.005,1000,"0.05",TRUE,0.00288636777353816
"bivt",0.005,1000,"0.1",TRUE,0.0026765223911058
"bivt",0.005,1000,"0.01",TRUE,0.00380324543610548
"bivt",0.005,1000,"0.05",TRUE,0.0036231884057971
"bivt",0.005,1000,"0.1",TRUE,0.0031429244912391
"bivt",0.005,1000,"0.01",TRUE,0.00458489079245528
"bivt",0.005,1000,"0.05",TRUE,0.006
"bivt",0.005,1000,"0.1",TRUE,0.00458715596330275
"bivt",0.005,1000,"0.01",TRUE,0.007
"bivt",0.005,1000,"0.05",TRUE,0.00309894072571557
"bivt",0.005,1000,"0.1",TRUE,0.00291966316307087
"bivt",0.005,1000,"0.01",TRUE,0.0036157206773066
"bivt",0.005,1000,"0.05",TRUE,0.00340136054421769
"bivt",0.005,1000,"0.1",TRUE,0.00277443817626931
"bivt",0.005,1000,"0.01",TRUE,0.00458715596330275
"bivt",0.005,1000,"0.05",FALSE,0.0031661600810537
"bivt",0.005,1000,"0.1",FALSE,0.00272608009306913
"bivt",0.005,1000,"0.01",TRUE,0.00395687853573481
"bivt",0.005,1000,"0.05",TRUE,0.00353940537989618
"bivt",0.005,1000,"0.1",TRUE,0.00311272660702189
"bivt",0.005,1000,"0.01",TRUE,0.00470431934493346
"bivt",0.005,1000,"0.05",TRUE,0.006
"bivt",0.005,1000,"0.1",TRUE,0.00426136363636364
"bivt",0.005,1000,"0.01",TRUE,0.008
"bivt",0.005,1000,"0.05",TRUE,0.00417439703153989
"bivt",0.005,1000,"0.1",TRUE,0.00356052899287894
"bivt",0.005,1000,"0.01",TRUE,0.006
"bivt",0.005,1000,"0.05",TRUE,0.007
"bivt",0.005,1000,"0.1",TRUE,0.006
"bivt",0.005,1000,"0.01",TRUE,0.008
"bivt",0.005,1000,"0.05",TRUE,0.00360182049007622
"bivt",0.005,1000,"0.1",TRUE,0.00304878048780488
"bivt",0.005,1000,"0.01",TRUE,0.00458201262865536
"bivt",0.005,1000,"0.05",TRUE,0.00383043922369765
"bivt",0.005,1000,"0.1",TRUE,0.0031429244912391
"bivt",0.005,1000,"0.01",TRUE,0.006
"bivt",0.005,1000,"0.05",TRUE,0.00397489539748954
"bivt",0.005,1000,"0.1",TRUE,0.00324014071468247
"bivt",0.005,1000,"0.01",TRUE,0.00475172045038466
"bivt",0.005,1000,"0.05",TRUE,0.00395212285456188
"bivt",0.005,1000,"0.1",TRUE,0.00340136054421769
"bivt",0.005,1000,"0.01",TRUE,0.006
"bivt",0.005,1000,"0.05",TRUE,0.006
"bivt",0.005,1000,"0.1",TRUE,0.00417439703153989
"bivt",0.005,1000,"0.01",TRUE,0.007
"bivt",0.005,1000,"0.05",FALSE,0.00306057528470751
"bivt",0.005,1000,"0.1",FALSE,0.00257731958762887
"bivt",0.005,1000,"0.01",FALSE,0.00451030927835051
"bivt",0.005,1000,"0.05",TRUE,0.00415492848192743
"bivt",0.005,1000,"0.1",TRUE,0.0031429244912391
"bivt",0.005,1000,"0.01",TRUE,0.006
"bivt",0.005,1000,"0.05",FALSE,0.00277540414628646
"bivt",0.005,1000,"0.1",FALSE,0.00252731075464465
"bivt",0.005,1000,"0.01",FALSE,0.00338409475465313
"bivt",0.005,1000,"0.05",FALSE,0.00302604220869419
"bivt",0.005,1000,"0.1",FALSE,0.00253807106598985
"bivt",0.005,1000,"0.01",FALSE,0.00386510604337294
"bivt",0.005,1000,"0.05",FALSE,0.00340136054421769
"bivt",0.005,1000,"0.1",FALSE,0.00289225367689878
"bivt",0.005,1000,"0.01",FALSE,0.00458715596330275
"bivt",0.005,1000,"0.05",FALSE,0.00292192453981932
"bivt",0.005,1000,"0.1",FALSE,0.00254582484725051
"bivt",0.005,1000,"0.01",FALSE,0.00407331975560082
"bivt",0.005,1000,"0.05",TRUE,0.00353288797533402
"bivt",0.005,1000,"0.1",TRUE,0.00297315664288141
"bivt",0.005,1000,"0.01",TRUE,0.00458715596330275
"bivt",0.005,1000,"0.05",TRUE,0.00407331975560081
"bivt",0.005,1000,"0.1",TRUE,0.0035490605427975
"bivt",0.005,1000,"0.01",TRUE,0.006
"bivt",0.005,1000,"0.05",TRUE,0.00384963768115942
"bivt",0.005,1000,"0.1",TRUE,0.00314681313651448
"bivt",0.005,1000,"0.01",TRUE,0.006
"bivt",0.005,1000,"0.05",TRUE,0.00417439703153989
"bivt",0.005,1000,"0.1",FALSE,0.00353620692315992
"bivt",0.005,1000,"0.01",TRUE,0.006
"bivt",0.005,1000,"0.05",TRUE,0.00407331975560081
"bivt",0.005,1000,"0.1",TRUE,0.0036393260416316
"bivt",0.005,1000,"0.01",TRUE,0.006
"bivt",0.005,1000,"0.05",TRUE,0.00417439703153989
"bivt",0.005,1000,"0.1",TRUE,0.00340136054421769
"bivt",0.005,1000,"0.01",TRUE,0.006
"bivt",0.005,1000,"0.05",TRUE,0.00458715596330275
"bivt",0.005,1000,"0.1",TRUE,0.00423506398880596
"bivt",0.005,1000,"0.01",TRUE,0.006
"bivt",0.005,1000,"0.05",TRUE,0.006
"bivt",0.005,1000,"0.1",TRUE,0.00464295663478503
"bivt",0.005,1000,"0.01",TRUE,0.007
"bivt",0.005,1000,"0.05",TRUE,0.00383043922369765
"bivt",0.005,1000,"0.1",TRUE,0.0031661600810537
"bivt",0.005,1000,"0.01",TRUE,0.006
"bivt",0.005,1000,"0.05",TRUE,0.00356052899287894
"bivt",0.005,1000,"0.1",FALSE,0.00309917355371901
"bivt",0.005,1000,"0.01",TRUE,0.006
"bivt",0.005,1000,"0.05",TRUE,0.00338495804413136
"bivt",0.005,1000,"0.1",TRUE,0.0031429244912391
"bivt",0.005,1000,"0.01",TRUE,0.006
"bivt",0.005,1000,"0.05",FALSE,0.00371164818710037
"bivt",0.005,1000,"0.1",FALSE,0.00307476580973929
"bivt",0.005,1000,"0.01",TRUE,0.006
"bivt",0.005,1000,"0.05",FALSE,0.00297315664288141
"bivt",0.005,1000,"0.1",FALSE,0.00259921569191528
"bivt",0.005,1000,"0.01",FALSE,0.00417585248732243
"bivt",0.005,1000,"0.05",TRUE,0.00407331975560082
"bivt",0.005,1000,"0.1",FALSE,0.00338409475465313
"bivt",0.005,1000,"0.01",TRUE,0.006
"bivt",0.005,1000,"0.05",TRUE,0.00366266642927215
"bivt",0.005,1000,"0.1",TRUE,0.00295266104916736
"bivt",0.005,1000,"0.01",TRUE,0.00487781130239065
"bivt",0.005,1000,"0.05",TRUE,0.00393669789780332
"bivt",0.005,1000,"0.1",TRUE,0.00310140169660611
"bivt",0.005,1000,"0.01",TRUE,0.006
"bivt",0.005,1000,"0.05",FALSE,0.00358976061771962
"bivt",0.005,1000,"0.1",FALSE,0.00304878048780488
"bivt",0.005,1000,"0.01",TRUE,0.00454157995617267
"bivt",0.005,1000,"0.05",TRUE,0.00304878048780488
"bivt",0.005,1000,"0.1",TRUE,0.00254511690670164
"bivt",0.005,1000,"0.01",TRUE,0.00395277609800891
"bivt",0.005,1000,"0.05",FALSE,0.00304878048780488
"bivt",0.005,1000,"0.1",FALSE,0.00255362614913177
"bivt",0.005,1000,"0.01",FALSE,0.00370679269761839
"bivt",0.005,1000,"0.05",TRUE,0.00314681313651448
"bivt",0.005,1000,"0.1",TRUE,0.00267021089060453
"bivt",0.005,1000,"0.01",TRUE,0.00440034091957003
"bivt",0.005,1000,"0.05",FALSE,0.00393669789780332
"bivt",0.005,1000,"0.1",FALSE,0.00319450117258407
"bivt",0.005,1000,"0.01",TRUE,0.006
"bivt",0.005,1000,"0.05",TRUE,0.0036435218533233
"bivt",0.005,1000,"0.1",TRUE,0.00309396665941444
"bivt",0.005,1000,"0.01",TRUE,0.00487781130239064
"bivt",0.005,1000,"0.05",TRUE,0.00431151856222202
"bivt",0.005,1000,"0.1",TRUE,0.00376175548589342
"bivt",0.005,1000,"0.01",TRUE,0.006
"bivt",0.005,1000,"0.05",FALSE,0.00445964025568604
"bivt",0.005,1000,"0.1",FALSE,0.00395212285456188
"bivt",0.005,1000,"0.01",TRUE,0.006
"bivt",0.005,1000,"0.05",TRUE,0.00472695608040192
"bivt",0.005,1000,"0.1",TRUE,0.00444906044480531
"bivt",0.005,1000,"0.01",TRUE,0.007
"bivt",0.005,1000,"0.05",FALSE,0.00448757262072294
"bivt",0.005,1000,"0.1",FALSE,0.0031429244912391
"bivt",0.005,1000,"0.01",TRUE,0.006
"bivt",0.005,1000,"0.05",FALSE,0.00407331975560082
"bivt",0.005,1000,"0.1",FALSE,0.0033856016597582
"bivt",0.005,1000,"0.01",TRUE,0.006
"bivt",0.005,1000,"0.05",TRUE,0.00402930402930403
"bivt",0.005,1000,"0.1",TRUE,0.0033798400169349
"bivt",0.005,1000,"0.01",TRUE,0.006
"bivt",0.005,1000,"0.05",TRUE,0.00320516878228699
"bivt",0.005,1000,"0.1",TRUE,0.00255487998446875
"bivt",0.005,1000,"0.01",TRUE,0.00415294048604332
"bivt",0.005,1000,"0.05",TRUE,0.006
"bivt",0.005,1000,"0.1",TRUE,0.00424921701263948
"bivt",0.005,1000,"0.01",TRUE,0.007
"bivt",0.005,1000,"0.05",TRUE,0.006
"bivt",0.005,1000,"0.1",TRUE,0.00455760816723384
"bivt",0.005,1000,"0.01",TRUE,0.007
"bivt",0.005,1000,"0.05",TRUE,0.00452004275427408
"bivt",0.005,1000,"0.1",TRUE,0.00388745765344595
"bivt",0.005,1000,"0.01",TRUE,0.006
"bivt",0.005,1000,"0.05",TRUE,0.006
"bivt",0.005,1000,"0.1",TRUE,0.00480604188122211
"bivt",0.005,1000,"0.01",TRUE,0.007
"bivt",0.005,1000,"0.05",TRUE,0.00273046966943329
"bivt",0.005,1000,"0.1",TRUE,0.00230968218773097
"bivt",0.005,1000,"0.01",TRUE,0.00316622436856804
"bivt",0.005,1000,"0.05",FALSE,0.00291472158919692
"bivt",0.005,1000,"0.1",FALSE,0.0024132730015083
"bivt",0.005,1000,"0.01",FALSE,0.00395212285456188
"bivt",0.005,1000,"0.05",TRUE,0.0044442354604221
"bivt",0.005,1000,"0.1",TRUE,0.00392339504516137
"bivt",0.005,1000,"0.01",TRUE,0.006
"bivt",0.005,1000,"0.05",TRUE,0.00370679269761839
"bivt",0.005,1000,"0.1",TRUE,0.00307377049180328
"bivt",0.005,1000,"0.01",TRUE,0.006
"bivt",0.005,1000,"0.05",FALSE,0.00336437339627069
"bivt",0.005,1000,"0.1",FALSE,0.00280448717948718
"bivt",0.005,1000,"0.01",FALSE,0.00407354775141669
"bivt",0.005,1000,"0.05",TRUE,0.00285636202421703
"bivt",0.005,1000,"0.1",TRUE,0.00252780586450961
"bivt",0.005,1000,"0.01",TRUE,0.00370679269761839
"bivt",0.005,1000,"0.05",FALSE,0.00294224013812907
"bivt",0.005,1000,"0.1",FALSE,0.00269880240998723
"bivt",0.005,1000,"0.01",TRUE,0.00376469049987753
"bivt",0.005,1000,"0.05",TRUE,0.0033305114853736
"bivt",0.005,1000,"0.1",TRUE,0.00277443817626931
"bivt",0.005,1000,"0.01",TRUE,0.00446000981326143
"bivt",0.005,1000,"0.05",FALSE,0.00378116586280887
"bivt",0.005,1000,"0.1",FALSE,0.00298426478567553
"bivt",0.005,1000,"0.01",TRUE,0.006
"bivt",0.005,1000,"0.05",FALSE,0.00281721884155961
"bivt",0.005,1000,"0.1",FALSE,0.00253807106598985
"bivt",0.005,1000,"0.01",FALSE,0.00370775722500326
"bivt",0.005,1000,"0.05",TRUE,0.00464075125573269
"bivt",0.005,1000,"0.1",TRUE,0.004149377593361
"bivt",0.005,1000,"0.01",TRUE,0.007
"bivt",0.005,1000,"0.05",TRUE,0.00356052899287894
"bivt",0.005,1000,"0.1",TRUE,0.00297315664288141
"bivt",0.005,1000,"0.01",TRUE,0.00452184781111749
"bivt",0.005,1000,"0.05",TRUE,0.00285732406654385
"bivt",0.005,1000,"0.1",FALSE,0.00270453008789723
"bivt",0.005,1000,"0.01",TRUE,0.00320273299882566
"bivt",0.005,1000,"0.05",FALSE,0.00328995467173563
"bivt",0.005,1000,"0.1",FALSE,0.00281721884155961
"bivt",0.005,1000,"0.01",TRUE,0.00433480453972257
"bivt",0.005,1000,"0.05",TRUE,0.00493475443016222
"bivt",0.005,1000,"0.1",TRUE,0.00440011733646231
"bivt",0.005,1000,"0.01",TRUE,0.007
"bivt",0.005,1000,"0.05",TRUE,0.0039131557756201
"bivt",0.005,1000,"0.1",FALSE,0.00297315664288141
"bivt",0.005,1000,"0.01",TRUE,0.006
"bivt",0.005,1000,"0.05",FALSE,0.00304878048780488
"bivt",0.005,1000,"0.1",FALSE,0.00259162449126682
"bivt",0.005,1000,"0.01",TRUE,0.00434131124453179
"bivt",0.005,1000,"0.05",TRUE,0.00376454483230664
"bivt",0.005,1000,"0.1",TRUE,0.00315354798890374
"bivt",0.005,1000,"0.01",TRUE,0.00440011733646231
"bivt",0.005,1000,"0.05",FALSE,0.00445816186556928
"bivt",0.005,1000,"0.1",FALSE,0.00380324543610548
"bivt",0.005,1000,"0.01",TRUE,0.007
"bivt",0.005,1000,"0.05",FALSE,0.0029332459708247
"bivt",0.005,1000,"0.1",FALSE,0.00254072701421637
"bivt",0.005,1000,"0.01",FALSE,0.00380324543610548
"bivt",0.005,1000,"0.05",TRUE,0.00307377049180328
"bivt",0.005,1000,"0.1",FALSE,0.00281721884155961
"bivt",0.005,1000,"0.01",TRUE,0.00418383110195675
"bivt",0.005,1000,"0.05",TRUE,0.006
"bivt",0.005,1000,"0.1",TRUE,0.00402151827048264
"bivt",0.005,1000,"0.01",TRUE,0.007
"bivt",0.005,1000,"0.05",TRUE,0.00353940537989618
"bivt",0.005,1000,"0.1",TRUE,0.00292141396435875
"bivt",0.005,1000,"0.01",TRUE,0.00464209706316809
"bivt",0.005,1000,"0.05",FALSE,0.00363348992171042
"bivt",0.005,1000,"0.1",FALSE,0.00317033388050552
"bivt",0.005,1000,"0.01",TRUE,0.00421348363008775
"bivt",0.005,1000,"0.05",TRUE,0.00460257088926244
"bivt",0.005,1000,"0.1",TRUE,0.00372990213577855
"bivt",0.005,1000,"0.01",TRUE,0.00600999999999999
"bivt",0.005,1000,"0.05",TRUE,0.006
"bivt",0.005,1000,"0.1",TRUE,0.00480604188122211
"bivt",0.005,1000,"0.01",TRUE,0.008
"bivt",0.005,1000,"0.05",TRUE,0.00338409475465313
"bivt",0.005,1000,"0.1",TRUE,0.00290065264684554
"bivt",0.005,1000,"0.01",TRUE,0.006
"bivt",0.005,1000,"0.05",TRUE,0.00338409475465313
"bivt",0.005,1000,"0.1",TRUE,0.00288606445663471
"bivt",0.005,1000,"0.01",TRUE,0.00444162436548223
"bivt",0.005,1000,"0.05",TRUE,0.00464090770479201
"bivt",0.005,1000,"0.1",TRUE,0.0039992963328756
"bivt",0.005,1000,"0.01",TRUE,0.006
"bivt",0.005,1000,"0.05",TRUE,0.006
"bivt",0.005,1000,"0.1",TRUE,0.0041473474994283
"bivt",0.005,1000,"0.01",TRUE,0.007
"bivt",0.005,1000,"0.05",TRUE,0.00473372781065089
"bivt",0.005,1000,"0.1",TRUE,0.00392324530554729
"bivt",0.005,1000,"0.01",TRUE,0.007
"bivt",0.005,1000,"0.05",TRUE,0.00431436068656291
"bivt",0.005,1000,"0.1",TRUE,0.0036592505854801
"bivt",0.005,1000,"0.01",TRUE,0.006
"bivt",0.005,1000,"0.05",TRUE,0.00383043922369765
"bivt",0.005,1000,"0.1",TRUE,0.00314681313651448
"bivt",0.005,1000,"0.01",TRUE,0.006
"bivt",0.005,1000,"0.05",TRUE,0.00434216239687365
"bivt",0.005,1000,"0.1",TRUE,0.00333680917622523
"bivt",0.005,1000,"0.01",TRUE,0.006
"bivt",0.005,1000,"0.05",FALSE,0.00279718961582121
"bivt",0.005,1000,"0.1",FALSE,0.00253807106598985
"bivt",0.005,1000,"0.01",FALSE,0.00380324543610548
"bivt",0.005,1000,"0.05",TRUE,0.00437326541810367
"bivt",0.005,1000,"0.1",TRUE,0.00370679269761839
"bivt",0.005,1000,"0.01",TRUE,0.006
"bivt",0.005,1000,"0.05",TRUE,0.00321417458580965
"bivt",0.005,1000,"0.1",TRUE,0.00277443817626931
"bivt",0.005,1000,"0.01",TRUE,0.00424943523106429
"bivt",0.005,1000,"0.05",FALSE,0.00253807106598985
"bivt",0.005,1000,"0.1",FALSE,0.00237263033728848
"bivt",0.005,1000,"0.01",FALSE,0.00281288282988202
"bivt",0.005,1000,"0.05",TRUE,0.00383043922369765
"bivt",0.005,1000,"0.1",TRUE,0.0031429244912391
"bivt",0.005,1000,"0.01",TRUE,0.006
"bivt",0.005,1000,"0.05",FALSE,0.00307377049180328
"bivt",0.005,1000,"0.1",FALSE,0.00258085137390267
"bivt",0.005,1000,"0.01",TRUE,0.00389104283955308
"bivt",0.005,1000,"0.05",TRUE,0.00469685923275376
"bivt",0.005,1000,"0.1",TRUE,0.00393669789780333
"bivt",0.005,1000,"0.01",TRUE,0.007
"bivt",0.005,1000,"0.05",TRUE,0.00327284218129287
"bivt",0.005,1000,"0.1",FALSE,0.00281721884155961
"bivt",0.005,1000,"0.01",TRUE,0.00478735116853606
"bivt",0.005,1000,"0.05",TRUE,0.006
"bivt",0.005,1000,"0.1",TRUE,0.00374354797311425
"bivt",0.005,1000,"0.01",TRUE,0.007
"bivt",0.005,1000,"0.05",FALSE,0.00370679269761839
"bivt",0.005,1000,"0.1",FALSE,0.00297315664288141
"bivt",0.005,1000,"0.01",FALSE,0.00458715596330276
"bivt",0.005,1000,"0.05",TRUE,0.00304878048780488
"bivt",0.005,1000,"0.1",TRUE,0.00264865346028634
"bivt",0.005,1000,"0.01",TRUE,0.00395333482357227
"bivt",0.005,1000,"0.05",TRUE,0.00356052899287894
"bivt",0.005,1000,"0.1",TRUE,0.00333145446121023
"bivt",0.005,1000,"0.01",TRUE,0.00459026832505763
"bivt",0.005,1000,"0.05",TRUE,0.006
"bivt",0.005,1000,"0.1",FALSE,0.00407331975560082
"bivt",0.005,1000,"0.01",TRUE,0.008
"bivt",0.005,1000,"0.05",TRUE,0.00464075125573269
"bivt",0.005,1000,"0.1",TRUE,0.00370480142264375
"bivt",0.005,1000,"0.01",TRUE,0.006
"bivt",0.005,1000,"0.05",TRUE,0.00439138966789852
"bivt",0.005,1000,"0.1",TRUE,0.00377983078204062
"bivt",0.005,1000,"0.01",TRUE,0.006
"bivt",0.005,1000,"0.05",TRUE,0.00464295663478503
"bivt",0.005,1000,"0.1",TRUE,0.0036592505854801
"bivt",0.005,1000,"0.01",TRUE,0.006
"bivt",0.005,1000,"0.05",TRUE,0.00348186385489832
"bivt",0.005,1000,"0.1",TRUE,0.00305127948820472
"bivt",0.005,1000,"0.01",TRUE,0.00464295663478503
"bivt",0.005,1000,"0.05",TRUE,0.00417439703153989
"bivt",0.005,1000,"0.1",TRUE,0.00341880341880342
"bivt",0.005,1000,"0.01",TRUE,0.006
"bivt",0.005,1000,"0.05",TRUE,0.006
"bivt",0.005,1000,"0.1",TRUE,0.00426039536468984
"bivt",0.005,1000,"0.01",TRUE,0.007
"bivt",0.005,1000,"0.05",TRUE,0.00384963768115942
"bivt",0.005,1000,"0.1",TRUE,0.003125
"bivt",0.005,1000,"0.01",TRUE,0.00600999999999999
"bivt",0.005,1000,"0.05",FALSE,0.00319650243401546
"bivt",0.005,1000,"0.1",FALSE,0.00281721884155961
"bivt",0.005,1000,"0.01",TRUE,0.0038045788115436
"bivt",0.005,1000,"0.05",FALSE,0.00292141396435875
"bivt",0.005,1000,"0.1",FALSE,0.00241573962211805
"bivt",0.005,1000,"0.01",TRUE,0.00370775722500326
"bivt",0.005,1000,"0.05",TRUE,0.00371161533454274
"bivt",0.005,1000,"0.1",TRUE,0.00298426478567553
"bivt",0.005,1000,"0.01",TRUE,0.006
"bivt",0.005,1000,"0.05",TRUE,0.006
"bivt",0.005,1000,"0.1",TRUE,0.00458715596330275
"bivt",0.005,1000,"0.01",TRUE,0.007
"bivt",0.005,1000,"0.05",TRUE,0.00372524200795934
"bivt",0.005,1000,"0.1",TRUE,0.00318494335756713
"bivt",0.005,1000,"0.01",TRUE,0.00452166549262457
"bivt",0.005,1000,"0.05",TRUE,0.00444434874399467
"bivt",0.005,1000,"0.1",TRUE,0.00407331975560082
"bivt",0.005,1000,"0.01",TRUE,0.007
"bivt",0.005,1000,"0.05",FALSE,0.00286351139815785
"bivt",0.005,1000,"0.1",FALSE,0.00253807106598985
"bivt",0.005,1000,"0.01",TRUE,0.00403222517665386
"bivt",0.005,1000,"0.05",TRUE,0.00317234981058779
"bivt",0.005,1000,"0.1",TRUE,0.00281721884155961
"bivt",0.005,1000,"0.01",TRUE,0.00426121303501168
"bivt",0.005,1000,"0.05",FALSE,0.00283797729618163
"bivt",0.005,1000,"0.1",FALSE,0.00253036437246964
"bivt",0.005,1000,"0.01",FALSE,0.00398852154702931
"bivt",0.005,1000,"0.05",TRUE,0.006
"bivt",0.005,1000,"0.1",TRUE,0.00464295663478503
"bivt",0.005,1000,"0.01",TRUE,0.007
"bivt",0.005,1000,"0.05",TRUE,0.0035824446853962
"bivt",0.005,1000,"0.1",TRUE,0.00311330725521223
"bivt",0.005,1000,"0.01",TRUE,0.0045813463063305
"bivt",0.005,1000,"0.05",TRUE,0.00307377049180328
"bivt",0.005,1000,"0.1",TRUE,0.00254660497743863
"bivt",0.005,1000,"0.01",TRUE,0.00433603811298104
"bivt",0.005,1000,"0.05",TRUE,0.00338219828814952
"bivt",0.005,1000,"0.1",TRUE,0.00304878048780488
"bivt",0.005,1000,"0.01",TRUE,0.006
"bivt",0.005,1000,"0.05",TRUE,0.00273076492326131
"bivt",0.005,1000,"0.1",TRUE,0.00252816317014926
"bivt",0.005,1000,"0.01",TRUE,0.00343140095329026
"bivt",0.005,1000,"0.05",TRUE,0.006
"bivt",0.005,1000,"0.1",TRUE,0.00426039536468984
"bivt",0.005,1000,"0.01",TRUE,0.007
"bivt",0.005,1000,"0.05",TRUE,0.00395657799018499
"bivt",0.005,1000,"0.1",TRUE,0.00357082334713245
"bivt",0.005,1000,"0.01",TRUE,0.006
"bivt",0.005,1000,"0.05",FALSE,0.00406787124435075
"bivt",0.005,1000,"0.1",FALSE,0.00361755620924077
"bivt",0.005,1000,"0.01",TRUE,0.006
"bivt",0.005,1000,"0.05",TRUE,0.00353940537989618
"bivt",0.005,1000,"0.1",TRUE,0.00281721884155961
"bivt",0.005,1000,"0.01",TRUE,0.006
"bivt",0.005,1000,"0.05",TRUE,0.00426142609041803
"bivt",0.005,1000,"0.1",TRUE,0.00353940537989618
"bivt",0.005,1000,"0.01",TRUE,0.007
"bivt",0.005,1000,"0.05",TRUE,0.00452450010310157
"bivt",0.005,1000,"0.1",TRUE,0.00407331975560081
"bivt",0.005,1000,"0.01",TRUE,0.007
"bivt",0.005,1000,"0.05",TRUE,0.00393669789780333
"bivt",0.005,1000,"0.1",TRUE,0.00328995467173563
"bivt",0.005,1000,"0.01",TRUE,0.00481798146240988
"bivt",0.005,1000,"0.05",TRUE,0.00311724591546243
"bivt",0.005,1000,"0.1",TRUE,0.00254582484725051
"bivt",0.005,1000,"0.01",TRUE,0.00411099691675231
"bivt",0.005,1000,"0.05",TRUE,0.00458715596330275
"bivt",0.005,1000,"0.1",FALSE,0.00395212285456188
"bivt",0.005,1000,"0.01",TRUE,0.006
"bivt",0.005,1000,"0.05",TRUE,0.00407331975560082
"bivt",0.005,1000,"0.1",TRUE,0.00324014071468247
"bivt",0.005,1000,"0.01",TRUE,0.006
"bivt",0.005,1000,"0.05",FALSE,0.00464295663478503
"bivt",0.005,1000,"0.1",FALSE,0.0039417828987265
"bivt",0.005,1000,"0.01",FALSE,0.007
"bivt",0.005,1000,"0.05",TRUE,0.00480604188122211
"bivt",0.005,1000,"0.1",TRUE,0.00418383110195675
"bivt",0.005,1000,"0.01",TRUE,0.007
"bivt",0.005,1000,"0.05",FALSE,0.00282829185378453
"bivt",0.005,1000,"0.1",FALSE,0.00253807106598985
"bivt",0.005,1000,"0.01",FALSE,0.00426057414247714
"bivt",0.005,1000,"0.05",TRUE,0.00441188380889733
"bivt",0.005,1000,"0.1",TRUE,0.00407331975560082
"bivt",0.005,1000,"0.01",TRUE,0.006
"bivt",0.005,1000,"0.05",TRUE,0.00407331975560082
"bivt",0.005,1000,"0.1",FALSE,0.00324014071468247
"bivt",0.005,1000,"0.01",TRUE,0.006
"bivt",0.005,1000,"0.05",TRUE,0.00440077605946266
"bivt",0.005,1000,"0.1",TRUE,0.00402930402930403
"bivt",0.005,1000,"0.01",TRUE,0.006
"bivt",0.005,1000,"0.05",TRUE,0.00324014071468247
"bivt",0.005,1000,"0.1",TRUE,0.00304878048780488
"bivt",0.005,1000,"0.01",TRUE,0.00421080154470944
"bivt",0.005,1000,"0.05",TRUE,0.00328995467173563
"bivt",0.005,1000,"0.1",TRUE,0.0027440177728946
"bivt",0.005,1000,"0.01",TRUE,0.00461358550865288
"bivt",0.005,1000,"0.05",TRUE,0.006
"bivt",0.005,1000,"0.1",TRUE,0.00432365832288177
"bivt",0.005,1000,"0.01",TRUE,0.007
"bivt",0.005,1000,"0.05",TRUE,0.006
"bivt",0.005,1000,"0.1",TRUE,0.00461201690821256
"bivt",0.005,1000,"0.01",TRUE,0.007
"bivt",0.005,1000,"0.05",TRUE,0.00440011733646231
"bivt",0.005,1000,"0.1",TRUE,0.00376454483230664
"bivt",0.005,1000,"0.01",TRUE,0.007
"bivt",0.005,1000,"0.05",FALSE,0.00393669789780333
"bivt",0.005,1000,"0.1",FALSE,0.00353940537989618
"bivt",0.005,1000,"0.01",TRUE,0.006
"bivt",0.005,1000,"0.05",TRUE,0.006
"bivt",0.005,1000,"0.1",TRUE,0.00426039536468984
"bivt",0.005,1000,"0.01",TRUE,0.007
"bivt",0.005,1000,"0.05",TRUE,0.00394933572886253
"bivt",0.005,1000,"0.1",TRUE,0.00350877192982456
"bivt",0.005,1000,"0.01",TRUE,0.006
"bivt",0.005,1000,"0.05",TRUE,0.00480457374452662
"bivt",0.005,1000,"0.1",TRUE,0.00376203442053474
"bivt",0.005,1000,"0.01",TRUE,0.006
"bivt",0.005,1000,"0.05",TRUE,0.008
"bivt",0.005,1000,"0.1",TRUE,0.006
"bivt",0.005,1000,"0.01",TRUE,0.009
"bivt",0.005,1000,"0.05",TRUE,0.00407331975560082
"bivt",0.005,1000,"0.1",FALSE,0.00324014071468247
"bivt",0.005,1000,"0.01",TRUE,0.006
"bivt",0.005,1000,"0.05",TRUE,0.00371161533454274
"bivt",0.005,1000,"0.1",TRUE,0.00308914905724425
"bivt",0.005,1000,"0.01",TRUE,0.006
"bivt",0.005,1000,"0.05",TRUE,0.006
"bivt",0.005,1000,"0.1",TRUE,0.00460087416609156
"bivt",0.005,1000,"0.01",TRUE,0.007
"bivt",0.005,1000,"0.05",TRUE,0.006
"bivt",0.005,1000,"0.1",TRUE,0.00454490910770554
"bivt",0.005,1000,"0.01",TRUE,0.007
"bivt",0.005,1000,"0.05",TRUE,0.00441329179646937
"bivt",0.005,1000,"0.1",FALSE,0.0036592505854801
"bivt",0.005,1000,"0.01",TRUE,0.006
"bivt",0.005,1000,"0.05",TRUE,0.00383043922369765
"bivt",0.005,1000,"0.1",TRUE,0.00314305002652114
"bivt",0.005,1000,"0.01",TRUE,0.006
"bivt",0.005,1000,"0.05",TRUE,0.00281721884155961
"bivt",0.005,1000,"0.1",TRUE,0.00259694396568279
"bivt",0.005,1000,"0.01",TRUE,0.00338409475465313
"bivt",0.005,1000,"0.05",FALSE,0.00287895529208006
"bivt",0.005,1000,"0.1",FALSE,0.00253807106598985
"bivt",0.005,1000,"0.01",FALSE,0.00363127215934092
"bivt",0.005,1000,"0.05",FALSE,0.00302951176520393
"bivt",0.005,1000,"0.1",FALSE,0.00256147540983607
"bivt",0.005,1000,"0.01",TRUE,0.00395589180635909
"bivt",0.005,1000,"0.05",TRUE,0.0031429244912391
"bivt",0.005,1000,"0.1",TRUE,0.00297315664288141
"bivt",0.005,1000,"0.01",TRUE,0.00382606113810891
"bivt",0.005,1000,"0.05",TRUE,0.00417439703153989
"bivt",0.005,1000,"0.1",TRUE,0.00376520912911972
"bivt",0.005,1000,"0.01",TRUE,0.006
"bivt",0.005,1000,"0.05",TRUE,0.00316732133905053
"bivt",0.005,1000,"0.1",TRUE,0.00277443817626931
"bivt",0.005,1000,"0.01",TRUE,0.00433480453972257
"bivt",0.005,1000,"0.05",TRUE,0.00338409475465313
"bivt",0.005,1000,"0.1",TRUE,0.00297315664288141
"bivt",0.005,1000,"0.01",TRUE,0.0040768021930413
"bivt",0.005,1000,"0.05",TRUE,0.00393669789780333
"bivt",0.005,1000,"0.1",TRUE,0.00311743503922965
"bivt",0.005,1000,"0.01",TRUE,0.007
"bivt",0.005,1000,"0.05",FALSE,0.00287002530244349
"bivt",0.005,1000,"0.1",FALSE,0.00253292806484296
"bivt",0.005,1000,"0.01",FALSE,0.0036148062463852
"bivt",0.005,1000,"0.05",TRUE,0.00407331975560082
"bivt",0.005,1000,"0.1",TRUE,0.00341880341880342
"bivt",0.005,1000,"0.01",TRUE,0.006
"bivt",0.005,1000,"0.05",FALSE,0.00285243407707911
"bivt",0.005,1000,"0.1",FALSE,0.00267584097859327
"bivt",0.005,1000,"0.01",FALSE,0.00370679269761839
"bivt",0.005,1000,"0.05",TRUE,0.00407331975560082
"bivt",0.005,1000,"0.1",TRUE,0.00371191999338186
"bivt",0.005,1000,"0.01",TRUE,0.006
"bivt",0.005,1000,"0.05",TRUE,0.006
"bivt",0.005,1000,"0.1",FALSE,0.00452130665762405
"bivt",0.005,1000,"0.01",TRUE,0.007
"bivt",0.005,1000,"0.05",TRUE,0.00370679269761839
"bivt",0.005,1000,"0.1",TRUE,0.00304878048780488
"bivt",0.005,1000,"0.01",TRUE,0.00492075789820769
"bivt",0.005,1000,"0.05",FALSE,0.00324014071468247
"bivt",0.005,1000,"0.1",FALSE,0.00285779606767261
"bivt",0.005,1000,"0.01",TRUE,0.00418383809302492
"bivt",0.005,1000,"0.05",TRUE,0.00340136054421769
"bivt",0.005,1000,"0.1",TRUE,0.00277443817626931
"bivt",0.005,1000,"0.01",TRUE,0.00417439703153989
"bivt",0.005,1000,"0.05",TRUE,0.006
"bivt",0.005,1000,"0.1",TRUE,0.00458715596330275
"bivt",0.005,1000,"0.01",TRUE,0.007
"bivt",0.005,1000,"0.05",TRUE,0.00340311382284873
"bivt",0.005,1000,"0.1",TRUE,0.0029234556455583
"bivt",0.005,1000,"0.01",TRUE,0.00444242118840365
"bivt",0.005,1000,"0.05",TRUE,0.00353940537989618
"bivt",0.005,1000,"0.1",TRUE,0.00294572793293367
"bivt",0.005,1000,"0.01",TRUE,0.006
"bivt",0.005,1000,"0.05",TRUE,0.00401995406333215
"bivt",0.005,1000,"0.1",TRUE,0.00338409475465313
"bivt",0.005,1000,"0.01",TRUE,0.006
"bivt",0.005,1000,"0.05",TRUE,0.00389056410748768
"bivt",0.005,1000,"0.1",TRUE,0.00324799775351509
"bivt",0.005,1000,"0.01",TRUE,0.006
"bivt",0.005,1000,"0.05",TRUE,0.006
"bivt",0.005,1000,"0.1",TRUE,0.00417439703153989
"bivt",0.005,1000,"0.01",TRUE,0.007
"bivt",0.005,1000,"0.05",TRUE,0.00383043922369765
"bivt",0.005,1000,"0.1",TRUE,0.0031429244912391
"bivt",0.005,1000,"0.01",TRUE,0.006
"bivt",0.005,1000,"0.05",TRUE,0.00394263767874587
"bivt",0.005,1000,"0.1",TRUE,0.00336091003102379
"bivt",0.005,1000,"0.01",TRUE,0.006
"bivt",0.005,1000,"0.05",TRUE,0.00467775467775468
"bivt",0.005,1000,"0.1",TRUE,0.00392345888555127
"bivt",0.005,1000,"0.01",TRUE,0.007
"bivt",0.005,1000,"0.05",TRUE,0.0041371156702738
"bivt",0.005,1000,"0.1",TRUE,0.00338475215806843
"bivt",0.005,1000,"0.01",TRUE,0.006
"bivt",0.005,1000,"0.05",TRUE,0.00370679269761839
"bivt",0.005,1000,"0.1",TRUE,0.00297315664288141
"bivt",0.005,1000,"0.01",TRUE,0.006
"bivt",0.005,1000,"0.05",TRUE,0.006
"bivt",0.005,1000,"0.1",TRUE,0.00483456945531249
"bivt",0.005,1000,"0.01",TRUE,0.008
"bivt",0.005,1000,"0.05",FALSE,0.00281721884155961
"bivt",0.005,1000,"0.1",FALSE,0.00269875566444595
"bivt",0.005,1000,"0.01",TRUE,0.00417449137224406
"bivt",0.005,1000,"0.05",TRUE,0.00426039536468984
"bivt",0.005,1000,"0.1",TRUE,0.00353940537989618
"bivt",0.005,1000,"0.01",TRUE,0.006
"bivt",0.005,1000,"0.05",TRUE,0.006
"bivt",0.005,1000,"0.1",TRUE,0.00417439703153989
"bivt",0.005,1000,"0.01",TRUE,0.007
"bivt",0.005,1000,"0.05",TRUE,0.00458715596330275
"bivt",0.005,1000,"0.1",TRUE,0.00385802469135803
"bivt",0.005,1000,"0.01",TRUE,0.006
"bivt",0.005,1000,"0.05",TRUE,0.00376628719555453
"bivt",0.005,1000,"0.1",TRUE,0.00330649798734905
"bivt",0.005,1000,"0.01",TRUE,0.006
"bivt",0.005,1000,"0.05",FALSE,0.00383043922369765
"bivt",0.005,1000,"0.1",FALSE,0.0031429244912391
"bivt",0.005,1000,"0.01",TRUE,0.006
"bivt",0.005,1000,"0.05",TRUE,0.00359530645648668
"bivt",0.005,1000,"0.1",FALSE,0.00281998328721976
"bivt",0.005,1000,"0.01",TRUE,0.006
"bivt",0.005,1000,"0.05",TRUE,0.00469335646900406
"bivt",0.005,1000,"0.1",TRUE,0.00394455626902882
"bivt",0.005,1000,"0.01",TRUE,0.007
"bivt",0.005,1000,"0.05",TRUE,0.00324014071468246
"bivt",0.005,1000,"0.1",FALSE,0.00274725274725275
"bivt",0.005,1000,"0.01",TRUE,0.00497583494711752
"bivt",0.005,1000,"0.05",TRUE,0.00424937776968373
"bivt",0.005,1000,"0.1",TRUE,0.0036592505854801
"bivt",0.005,1000,"0.01",TRUE,0.006
"bivt",0.005,1000,"0.05",TRUE,0.00383043922369765
"bivt",0.005,1000,"0.1",TRUE,0.00338409475465313
"bivt",0.005,1000,"0.01",TRUE,0.00472517857142856
"bivt",0.005,1000,"0.05",TRUE,0.00361773131234848
"bivt",0.005,1000,"0.1",TRUE,0.0035257123581856
"bivt",0.005,1000,"0.01",TRUE,0.00469258866702742
"bivt",0.005,1000,"0.05",FALSE,0.00324241510183117
"bivt",0.005,1000,"0.1",FALSE,0.00254145513831003
"bivt",0.005,1000,"0.01",FALSE,0.00417439703153989
"bivt",0.005,1000,"0.05",FALSE,0.00262292788696929
"bivt",0.005,1000,"0.1",FALSE,0.00233813897796145
"bivt",0.005,1000,"0.01",FALSE,0.00307333939936784
"bivt",0.005,1000,"0.05",TRUE,0.00370679269761839
"bivt",0.005,1000,"0.1",FALSE,0.00291669907443416
"bivt",0.005,1000,"0.01",TRUE,0.006
"bivt",0.005,1000,"0.05",TRUE,0.00444162436548223
"bivt",0.005,1000,"0.1",TRUE,0.00371054420043986
"bivt",0.005,1000,"0.01",TRUE,0.00459061214999119
"bivt",0.005,1000,"0.05",FALSE,0.00316985911273513
"bivt",0.005,1000,"0.1",FALSE,0.0026520204062852
"bivt",0.005,1000,"0.01",TRUE,0.0043637402263912
"bivt",0.005,1000,"0.05",TRUE,0.00344103158504781
"bivt",0.005,1000,"0.1",TRUE,0.00289963212535817
"bivt",0.005,1000,"0.01",TRUE,0.00469123166154896
"bivt",0.005,1000,"0.05",TRUE,0.00452130665762405
"bivt",0.005,1000,"0.1",TRUE,0.00370679269761839
"bivt",0.005,1000,"0.01",TRUE,0.006
"bivt",0.005,1000,"0.05",TRUE,0.00463735549373585
"bivt",0.005,1000,"0.1",TRUE,0.00380324543610548
"bivt",0.005,1000,"0.01",TRUE,0.006
"bivt",0.005,1000,"0.05",FALSE,0.00353940537989618
"bivt",0.005,1000,"0.1",FALSE,0.00292141396435875
"bivt",0.005,1000,"0.01",TRUE,0.006
"bivt",0.005,1000,"0.05",TRUE,0.00431549728170051
"bivt",0.005,1000,"0.1",TRUE,0.00380993849670713
"bivt",0.005,1000,"0.01",TRUE,0.006
"bivt",0.005,1000,"0.05",TRUE,0.00324014071468247
"bivt",0.005,1000,"0.1",FALSE,0.0027155030594739
"bivt",0.005,1000,"0.01",TRUE,0.00411593151317288
"bivt",0.005,1000,"0.05",TRUE,0.00356052899287894
"bivt",0.005,1000,"0.1",FALSE,0.00304878048780488
"bivt",0.005,1000,"0.01",TRUE,0.00434310975212124
"bivt",0.005,1000,"0.05",TRUE,0.00288461538461538
"bivt",0.005,1000,"0.1",FALSE,0.00243705498054761
"bivt",0.005,1000,"0.01",TRUE,0.00402930402930403
"bivt",0.005,1000,"0.05",TRUE,0.00489349453080023
"bivt",0.005,1000,"0.1",TRUE,0.00376454483230664
"bivt",0.005,1000,"0.01",TRUE,0.00600999999999999
"bivt",0.005,1000,"0.05",TRUE,0.00440011733646231
"bivt",0.005,1000,"0.1",TRUE,0.00356052899287894
"bivt",0.005,1000,"0.01",TRUE,0.00600999999999999
"bivt",0.005,1000,"0.05",TRUE,0.00458715596330275
"bivt",0.005,1000,"0.1",FALSE,0.00399992571593585
"bivt",0.005,1000,"0.01",TRUE,0.006
"bivt",0.005,1000,"0.05",TRUE,0.00310402773551644
"bivt",0.005,1000,"0.1",TRUE,0.00262715114505797
"bivt",0.005,1000,"0.01",TRUE,0.00413503544204698
"bivt",0.005,1000,"0.05",FALSE,0.00263791538785298
"bivt",0.005,1000,"0.1",FALSE,0.00241711541155804
"bivt",0.005,1000,"0.01",FALSE,0.00329878863900979
"bivt",0.005,1000,"0.05",TRUE,0.00356052899287894
"bivt",0.005,1000,"0.1",FALSE,0.00304878048780488
"bivt",0.005,1000,"0.01",TRUE,0.00477169284980179
"bivt",0.005,1000,"0.05",TRUE,0.0028411924055672
"bivt",0.005,1000,"0.1",TRUE,0.00253807106598985
"bivt",0.005,1000,"0.01",TRUE,0.00394188629828486
"bivt",0.005,1000,"0.05",TRUE,0.00383289571775246
"bivt",0.005,1000,"0.1",TRUE,0.00324254045705725
"bivt",0.005,1000,"0.01",TRUE,0.006
"bivt",0.005,1000,"0.05",TRUE,0.00324080137845672
"bivt",0.005,1000,"0.1",TRUE,0.00283224347491872
"bivt",0.005,1000,"0.01",TRUE,0.006
"bivt",0.005,1000,"0.05",TRUE,0.00407661240080091
"bivt",0.005,1000,"0.1",TRUE,0.00340136054421769
"bivt",0.005,1000,"0.01",TRUE,0.006
"bivt",0.005,1000,"0.05",FALSE,0.00270506291531636
"bivt",0.005,1000,"0.1",FALSE,0.00253807106598985
"bivt",0.005,1000,"0.01",TRUE,0.00322180468436
"bivt",0.005,1000,"0.05",TRUE,0.00469123166154896
"bivt",0.005,1000,"0.1",TRUE,0.00371370714072189
"bivt",0.005,1000,"0.01",TRUE,0.007
"bivt",0.005,1000,"0.05",TRUE,0.00455760816723384
"bivt",0.005,1000,"0.1",TRUE,0.00387792870879509
"bivt",0.005,1000,"0.01",TRUE,0.007
"bivt",0.005,1000,"0.05",TRUE,0.00395212285456188
"bivt",0.005,1000,"0.1",TRUE,0.00308895754267851
"bivt",0.005,1000,"0.01",TRUE,0.00489473980309423
"bivt",0.005,1000,"0.05",TRUE,0.00383043922369765
"bivt",0.005,1000,"0.1",FALSE,0.00318704167245198
"bivt",0.005,1000,"0.01",TRUE,0.006
"bivt",0.005,1000,"0.05",TRUE,0.006
"bivt",0.005,1000,"0.1",TRUE,0.00440011733646231
"bivt",0.005,1000,"0.01",TRUE,0.007
"bivt",0.005,1000,"0.05",TRUE,0.00464295663478503
"bivt",0.005,1000,"0.1",TRUE,0.00377113427144575
"bivt",0.005,1000,"0.01",TRUE,0.006
"bivt",0.005,1000,"0.05",TRUE,0.006
"bivt",0.005,1000,"0.1",TRUE,0.006
"bivt",0.005,1000,"0.01",TRUE,0.008
"bivt",0.005,1000,"0.05",TRUE,0.00450841168180743
"bivt",0.005,1000,"0.1",TRUE,0.00356052899287894
"bivt",0.005,1000,"0.01",TRUE,0.007
"bivt",0.005,1000,"0.05",FALSE,0.003656752694871
"bivt",0.005,1000,"0.1",FALSE,0.00305269134870658
"bivt",0.005,1000,"0.01",FALSE,0.00454289556278721
"bivt",0.005,1000,"0.05",FALSE,0.00407331975560082
"bivt",0.005,1000,"0.1",FALSE,0.00324014071468247
"bivt",0.005,1000,"0.01",TRUE,0.006
"bivt",0.005,1000,"0.05",TRUE,0.006
"bivt",0.005,1000,"0.1",TRUE,0.00417439703153989
"bivt",0.005,1000,"0.01",TRUE,0.007
"bivt",0.005,1000,"0.05",FALSE,0.00253036437246964
"bivt",0.005,1000,"0.1",FALSE,0.00212029410845964
"bivt",0.005,1000,"0.01",FALSE,0.00292266564996477
"bivt",0.005,1000,"0.05",FALSE,0.00463249231740094
"bivt",0.005,1000,"0.1",FALSE,0.00347226465739948
"bivt",0.005,1000,"0.01",TRUE,0.007
"bivt",0.005,1000,"0.05",TRUE,0.00443973463845898
"bivt",0.005,1000,"0.1",TRUE,0.0033846530094599
"bivt",0.005,1000,"0.01",TRUE,0.007
"bivt",0.005,1000,"0.05",TRUE,0.00469123166154896
"bivt",0.005,1000,"0.1",TRUE,0.00356052899287894
"bivt",0.005,1000,"0.01",TRUE,0.006
"bivt",0.005,1000,"0.05",TRUE,0.00338409475465313
"bivt",0.005,1000,"0.1",TRUE,0.00300323985508268
"bivt",0.005,1000,"0.01",TRUE,0.00464558953421752
"bivt",0.005,1000,"0.05",FALSE,0.00253036437246964
"bivt",0.005,1000,"0.1",FALSE,0.00226337448559671
"bivt",0.005,1000,"0.01",FALSE,0.0033284918905834
"bivt",0.005,1000,"0.05",TRUE,0.00370589319419015
"bivt",0.005,1000,"0.1",TRUE,0.00299230646847001
"bivt",0.005,1000,"0.01",TRUE,0.006
"bivt",0.005,1000,"0.05",TRUE,0.006
"bivt",0.005,1000,"0.1",TRUE,0.00403160780519271
"bivt",0.005,1000,"0.01",TRUE,0.007
"bivt",0.005,1000,"0.05",TRUE,0.00417439703153989
"bivt",0.005,1000,"0.1",TRUE,0.00356052899287894
"bivt",0.005,1000,"0.01",TRUE,0.006
"bivt",0.005,1000,"0.05",TRUE,0.00370679269761839
"bivt",0.005,1000,"0.1",TRUE,0.00304878048780488
"bivt",0.005,1000,"0.01",TRUE,0.00465120019141412
"bivt",0.005,1000,"0.05",TRUE,0.00417376875346254
"bivt",0.005,1000,"0.1",TRUE,0.00394321766561514
"bivt",0.005,1000,"0.01",TRUE,0.006
"bivt",0.005,1000,"0.05",TRUE,0.00307488671971902
"bivt",0.005,1000,"0.1",TRUE,0.00255362614913177
"bivt",0.005,1000,"0.01",TRUE,0.00383043922369765
"bivt",0.005,1000,"0.05",FALSE,0.0039548805046358
"bivt",0.005,1000,"0.1",FALSE,0.00324014071468247
"bivt",0.005,1000,"0.01",FALSE,0.00458765359821236
"bivt",0.005,1000,"0.05",TRUE,0.003061705134244
"bivt",0.005,1000,"0.1",TRUE,0.00281721884155961
"bivt",0.005,1000,"0.01",TRUE,0.00380755089177326
"bivt",0.005,1000,"0.05",TRUE,0.00372663685357184
"bivt",0.005,1000,"0.1",TRUE,0.00304878048780488
"bivt",0.005,1000,"0.01",TRUE,0.0047415412389775
"bivt",0.005,1000,"0.05",TRUE,0.00464295663478503
"bivt",0.005,1000,"0.1",TRUE,0.00383043922369765
"bivt",0.005,1000,"0.01",TRUE,0.006
"bivt",0.005,1000,"0.05",TRUE,0.00445816186556928
"bivt",0.005,1000,"0.1",TRUE,0.0033284918905834
"bivt",0.005,1000,"0.01",TRUE,0.007
"bivt",0.005,1000,"0.05",TRUE,0.00393948217348752
"bivt",0.005,1000,"0.1",TRUE,0.00328995467173564
"bivt",0.005,1000,"0.01",TRUE,0.006
"bivt",0.005,1000,"0.05",TRUE,0.006
"bivt",0.005,1000,"0.1",TRUE,0.006
"bivt",0.005,1000,"0.01",TRUE,0.007
"bivt",0.005,1000,"0.05",TRUE,0.006
"bivt",0.005,1000,"0.1",TRUE,0.00452130665762405
"bivt",0.005,1000,"0.01",TRUE,0.00700999999999999
"bivt",0.005,1000,"0.05",TRUE,0.00419002873283632
"bivt",0.005,1000,"0.1",TRUE,0.0036180621448645
"bivt",0.005,1000,"0.01",TRUE,0.00600999999999999
"bivt",0.005,1000,"0.05",TRUE,0.00441470842492001
"bivt",0.005,1000,"0.1",TRUE,0.00354007363353158
"bivt",0.005,1000,"0.01",TRUE,0.006
"bivt",0.005,1000,"0.05",TRUE,0.00304878048780488
"bivt",0.005,1000,"0.1",TRUE,0.00271805600795829
"bivt",0.005,1000,"0.01",TRUE,0.00392575682280721
"bivt",0.005,1000,"0.05",TRUE,0.006
"bivt",0.005,1000,"0.1",TRUE,0.00417439703153989
"bivt",0.005,1000,"0.01",TRUE,0.007
"bivt",0.005,1000,"0.05",TRUE,0.006
"bivt",0.005,1000,"0.1",TRUE,0.00426039536468984
"bivt",0.005,1000,"0.01",TRUE,0.007
"bivt",0.005,1000,"0.05",TRUE,0.00458715596330276
"bivt",0.005,1000,"0.1",TRUE,0.00380291005291005
"bivt",0.005,1000,"0.01",TRUE,0.006
"bivt",0.005,1000,"0.05",TRUE,0.00450106829280987
"bivt",0.005,1000,"0.1",TRUE,0.00383043922369765
"bivt",0.005,1000,"0.01",TRUE,0.007
"bivt",0.005,1000,"0.05",FALSE,0.007
"bivt",0.005,1000,"0.1",FALSE,0.007
"bivt",0.005,1000,"0.01",FALSE,0.008
"bivt",0.005,1000,"0.05",TRUE,0.00401744719926538
"bivt",0.005,1000,"0.1",TRUE,0.00299591806164101
"bivt",0.005,1000,"0.01",TRUE,0.006
"bivt",0.005,1000,"0.05",FALSE,0.00274725274725275
"bivt",0.005,1000,"0.1",FALSE,0.00230968218773097
"bivt",0.005,1000,"0.01",FALSE,0.00340256096239333
"bivt",0.005,1000,"0.05",FALSE,0.00324014071468247
"bivt",0.005,1000,"0.1",FALSE,0.00278682222853683
"bivt",0.005,1000,"0.01",TRUE,0.00412496349183512
"bivt",0.005,1000,"0.05",TRUE,0.00359434307828059
"bivt",0.005,1000,"0.1",TRUE,0.00297315664288141
"bivt",0.005,1000,"0.01",TRUE,0.00458715596330275
"bivt",0.005,1000,"0.05",FALSE,0.00370679269761839
"bivt",0.005,1000,"0.1",FALSE,0.00281721884155961
"bivt",0.005,1000,"0.01",FALSE,0.00497189938198778
"bivt",0.005,1000,"0.05",TRUE,0.00378000378000378
"bivt",0.005,1000,"0.1",FALSE,0.00306051256462846
"bivt",0.005,1000,"0.01",TRUE,0.006
"bivt",0.005,1000,"0.05",TRUE,0.006
"bivt",0.005,1000,"0.1",TRUE,0.00396323302865359
"bivt",0.005,1000,"0.01",TRUE,0.007
"bivt",0.005,1000,"0.05",TRUE,0.0030106608624519
"bivt",0.005,1000,"0.1",FALSE,0.00256147540983607
"bivt",0.005,1000,"0.01",TRUE,0.00388292257478489
"bivt",0.005,1000,"0.05",FALSE,0.00286547768071204
"bivt",0.005,1000,"0.1",FALSE,0.00254582484725051
"bivt",0.005,1000,"0.01",TRUE,0.00407397255792352
"bivt",0.005,1000,"0.05",FALSE,0.00281721884155962
"bivt",0.005,1000,"0.1",FALSE,0.00253807106598985
"bivt",0.005,1000,"0.01",FALSE,0.00373400578510365
"bivt",0.005,1000,"0.05",FALSE,0.00304878048780488
"bivt",0.005,1000,"0.1",FALSE,0.00246013324704751
"bivt",0.005,1000,"0.01",FALSE,0.00395212285456188
"bivt",0.005,1000,"0.05",FALSE,0.00362736862038816
"bivt",0.005,1000,"0.1",FALSE,0.00297315664288141
"bivt",0.005,1000,"0.01",FALSE,0.00458715596330275
"bivt",0.005,1000,"0.05",FALSE,0.00338409475465313
"bivt",0.005,1000,"0.1",FALSE,0.00281721884155962
"bivt",0.005,1000,"0.01",FALSE,0.00440331711513106
"bivt",0.005,1000,"0.05",FALSE,0.00282599672843575
"bivt",0.005,1000,"0.1",FALSE,0.00257706876263079
"bivt",0.005,1000,"0.01",FALSE,0.00380324543610548
"bivt",0.005,1000,"0.05",FALSE,0.00225149161319374
"bivt",0.005,1000,"0.1",FALSE,0.00202839756592292
"bivt",0.005,1000,"0.01",FALSE,0.002858107316876
"bivt",0.005,1000,"0.05",FALSE,0.00386457821060417
"bivt",0.005,1000,"0.1",FALSE,0.00333405217699037
"bivt",0.005,1000,"0.01",TRUE,0.006
"bivt",0.005,1000,"0.05",TRUE,0.00288747490207695
"bivt",0.005,1000,"0.1",TRUE,0.00263771046731437
"bivt",0.005,1000,"0.01",TRUE,0.00363506588078665
"bivt",0.005,1000,"0.05",TRUE,0.00473725805184441
"bivt",0.005,1000,"0.1",TRUE,0.00404175783327706
"bivt",0.005,1000,"0.01",TRUE,0.007
"bivt",0.005,1000,"0.05",FALSE,0.00275458673798288
"bivt",0.005,1000,"0.1",FALSE,0.00253807106598985
"bivt",0.005,1000,"0.01",FALSE,0.00370807002792759
"bivt",0.005,1000,"0.05",TRUE,0.006
"bivt",0.005,1000,"0.1",TRUE,0.00393669789780332
"bivt",0.005,1000,"0.01",TRUE,0.007
"bivt",0.005,1000,"0.05",TRUE,0.006
"bivt",0.005,1000,"0.1",TRUE,0.00473372781065089
"bivt",0.005,1000,"0.01",TRUE,0.007
"bivt",0.005,1000,"0.05",TRUE,0.00434321626230403
"bivt",0.005,1000,"0.1",TRUE,0.00353288797533402
"bivt",0.005,1000,"0.01",TRUE,0.006
"bivt",0.005,1000,"0.05",TRUE,0.00354007363353158
"bivt",0.005,1000,"0.1",FALSE,0.00304878048780488
"bivt",0.005,1000,"0.01",TRUE,0.0044697087194873
"bivt",0.005,1000,"0.05",TRUE,0.00403285510671058
"bivt",0.005,1000,"0.1",TRUE,0.00337584396099023
"bivt",0.005,1000,"0.01",TRUE,0.006
"bivt",0.005,1000,"0.05",TRUE,0.00393669789780332
"bivt",0.005,1000,"0.1",TRUE,0.00328380264346111
"bivt",0.005,1000,"0.01",TRUE,0.006
"bivt",0.005,1000,"0.05",TRUE,0.006
"bivt",0.005,1000,"0.1",TRUE,0.006
"bivt",0.005,1000,"0.01",TRUE,0.007
"bivt",0.005,1000,"0.05",TRUE,0.00272944387581031
"bivt",0.005,1000,"0.1",FALSE,0.00229282388887619
"bivt",0.005,1000,"0.01",TRUE,0.00332922057711974
"bivt",0.005,1000,"0.05",TRUE,0.008
"bivt",0.005,1000,"0.1",TRUE,0.008
"bivt",0.005,1000,"0.01",TRUE,0.01
"bivt",0.005,1000,"0.05",TRUE,0.00369013294257912
"bivt",0.005,1000,"0.1",TRUE,0.00356052899287894
"bivt",0.005,1000,"0.01",TRUE,0.00466446493569521
"bivt",0.005,1000,"0.05",TRUE,0.00445816186556928
"bivt",0.005,1000,"0.1",FALSE,0.00363482159084025
"bivt",0.005,1000,"0.01",TRUE,0.007
"bivt",0.005,1000,"0.05",TRUE,0.00376454483230664
"bivt",0.005,1000,"0.1",TRUE,0.00320841889117043
"bivt",0.005,1000,"0.01",TRUE,0.006
"bivt",0.005,1000,"0.05",FALSE,0.00254982114485558
"bivt",0.005,1000,"0.1",FALSE,0.0021574197260077
"bivt",0.005,1000,"0.01",FALSE,0.00329089607256481
"bivt",0.005,1000,"0.05",TRUE,0.00316827302155953
"bivt",0.005,1000,"0.1",FALSE,0.00277443817626931
"bivt",0.005,1000,"0.01",TRUE,0.00444162436548223
