"dist","n","theta","true_bias","somrv_bias_correction"
"bivt",1000,0,-0.57338723432097,-0.580397374875289
"bivt",1000,0.0320570678937734,-0.57577524626345,-0.582452247303727
"bivt",1000,0.0641141357875468,-0.579107602884941,-0.586259763999982
"bivt",1000,0.0961712036813202,-0.583474504969465,-0.590113230920838
"bivt",1000,0.128228271575094,-0.587808706277518,-0.595367888921779
"bivt",1000,0.160285339468867,-0.592852859154616,-0.60147917175279
"bivt",1000,0.19234240736264,-0.598523922600371,-0.607062317950278
"bivt",1000,0.224399475256414,-0.60540878091964,-0.614595941296371
"bivt",1000,0.256456543150187,-0.613148062917902,-0.622559841089186
"bivt",1000,0.288513611043961,-0.621510136394322,-0.630214847641347
"bivt",1000,0.320570678937734,-0.629852309055738,-0.639589950858181
"bivt",1000,0.352627746831507,-0.63863455223222,-0.647349635280144
"bivt",1000,0.384684814725281,-0.648348022657023,-0.659831319860736
"bivt",1000,0.416741882619054,-0.660564771224116,-0.670198082392656
"bivt",1000,0.448798950512828,-0.671966783254155,-0.6830285146121
"bivt",1000,0.480856018406601,-0.683041294366198,-0.694860675637303
"bivt",1000,0.512913086300374,-0.696476702508358,-0.706762448190817
"bivt",1000,0.544970154194148,-0.70885810073599,-0.718945282106153
"bivt",1000,0.577027222087921,-0.720734835806182,-0.728710601558477
"bivt",1000,0.609084289981694,-0.731515651435917,-0.739353680083242
"bivt",1000,0.641141357875468,-0.741451168536679,-0.748943475048503
"bivt",1000,0.673198425769241,-0.750378838579432,-0.758349864393028
"bivt",1000,0.705255493663015,-0.756859628781537,-0.762760247521339
"bivt",1000,0.737312561556788,-0.761331543155596,-0.76992428805152
"bivt",1000,0.769369629450562,-0.764458859811829,-0.773262564267744
"bivt",1000,0.801426697344335,-0.766832724539403,-0.772973581501603
"bivt",1000,0.833483765238108,-0.763879828931551,-0.773124094847816
"bivt",1000,0.865540833131882,-0.759328171224878,-0.768816534071867
"bivt",1000,0.897597901025655,-0.751848682213108,-0.762166194746803
"bivt",1000,0.929654968919429,-0.741951405010028,-0.755143230913378
"bivt",1000,0.961712036813202,-0.732949740845671,-0.745659906534329
"bivt",1000,0.993769104706975,-0.721615933620768,-0.734409419378171
"bivt",1000,1.02582617260075,-0.710661025267943,-0.72352885676043
"bivt",1000,1.05788324049452,-0.698069958713632,-0.712474910913156
"bivt",1000,1.0899403083883,-0.686109189809935,-0.699120700728664
"bivt",1000,1.12199737628207,-0.673091165068907,-0.685610714103157
"bivt",1000,1.15405444417584,-0.661365040529773,-0.674517515183278
"bivt",1000,1.18611151206962,-0.651552256159316,-0.664578754006052
"bivt",1000,1.21816857996339,-0.640740451231445,-0.652647440538692
"bivt",1000,1.25022564785716,-0.63153751035461,-0.643797150210321
"bivt",1000,1.28228271575094,-0.621992251121927,-0.635061342960476
"bivt",1000,1.31433978364471,-0.613237245788344,-0.626212796690815
"bivt",1000,1.34639685153848,-0.606228449486741,-0.618603028380904
"bivt",1000,1.37845391943226,-0.599574412153533,-0.612261560288723
"bivt",1000,1.41051098732603,-0.593727696955254,-0.605437800926037
"bivt",1000,1.4425680552198,-0.588647709231711,-0.599169725767965
"bivt",1000,1.47462512311358,-0.583605563638982,-0.595036833018321
"bivt",1000,1.50668219100735,-0.579038311871016,-0.590891418281966
"bivt",1000,1.53873925890112,-0.576419569058029,-0.587742168811292
"bivt",1000,1.5707963267949,-0.573775955576465,-0.585219605758943
"bivt",5000,0,-0.678542454995371,-0.675884432943158
"bivt",5000,0.0320570678937734,-0.680561196453519,-0.679556718786218
"bivt",5000,0.0641141357875468,-0.683279445683525,-0.683403520990961
"bivt",5000,0.0961712036813202,-0.687466519590766,-0.687963772070856
"bivt",5000,0.128228271575094,-0.692164195963169,-0.692685793850809
"bivt",5000,0.160285339468867,-0.698296266833131,-0.69923371060406
"bivt",5000,0.19234240736264,-0.703975143811276,-0.705394806358533
"bivt",5000,0.224399475256414,-0.712548296129163,-0.711756845924807
"bivt",5000,0.256456543150187,-0.721498534939163,-0.72165838629762
"bivt",5000,0.288513611043961,-0.730869957089209,-0.731686393530666
"bivt",5000,0.320570678937734,-0.740514705734229,-0.741021015700556
"bivt",5000,0.352627746831507,-0.751870987421232,-0.752297357976831
"bivt",5000,0.384684814725281,-0.762616349813079,-0.765286539480769
"bivt",5000,0.416741882619054,-0.7772330322574,-0.780203299687451
"bivt",5000,0.448798950512828,-0.790207854894017,-0.793058618636047
"bivt",5000,0.480856018406601,-0.804906492036682,-0.805020648806224
"bivt",5000,0.512913086300374,-0.819753618102838,-0.816954880762761
"bivt",5000,0.544970154194148,-0.833073716459402,-0.829188482796736
"bivt",5000,0.577027222087921,-0.848160474227143,-0.84386378226093
"bivt",5000,0.609084289981695,-0.862526139073787,-0.856982729012631
"bivt",5000,0.641141357875468,-0.875238710222907,-0.872148171347902
"bivt",5000,0.673198425769241,-0.886289369418813,-0.884936686416826
"bivt",5000,0.705255493663015,-0.895491443458416,-0.895563498798992
"bivt",5000,0.737312561556788,-0.901753832728859,-0.900856944614369
"bivt",5000,0.769369629450562,-0.905481054056261,-0.904738446944338
"bivt",5000,0.801426697344335,-0.905624726121139,-0.906580971112788
"bivt",5000,0.833483765238108,-0.90211057388518,-0.903425037002325
"bivt",5000,0.865540833131882,-0.896869809533659,-0.898596369515264
"bivt",5000,0.897597901025655,-0.889001129289098,-0.89076588479656
"bivt",5000,0.929654968919429,-0.879394523597817,-0.880626368998017
"bivt",5000,0.961712036813202,-0.867994440433992,-0.868658066809718
"bivt",5000,0.993769104706975,-0.854199397785789,-0.857583095071034
"bivt",5000,1.02582617260075,-0.839458979757399,-0.840840070786922
"bivt",5000,1.05788324049452,-0.82492657052178,-0.8258043996511
"bivt",5000,1.0899403083883,-0.810356385681322,-0.808034097063458
"bivt",5000,1.12199737628207,-0.79702228096911,-0.792366634337722
"bivt",5000,1.15405444417584,-0.782761430089345,-0.778513353019125
"bivt",5000,1.18611151206962,-0.769525310014541,-0.765354070251991
"bivt",5000,1.21816857996339,-0.756479576217708,-0.752926354904897
"bivt",5000,1.25022564785716,-0.745738025592087,-0.74214056237151
"bivt",5000,1.28228271575094,-0.735012175574338,-0.731008716973078
"bivt",5000,1.31433978364471,-0.725850415480513,-0.721081737128009
"bivt",5000,1.34639685153848,-0.716569342546514,-0.711506402103332
"bivt",5000,1.37845391943226,-0.7087385775385,-0.704305243654344
"bivt",5000,1.41051098732603,-0.702043461723029,-0.695259031145376
"bivt",5000,1.4425680552198,-0.695350966827875,-0.689096756483989
"bivt",5000,1.47462512311358,-0.690179873456878,-0.68377498303792
"bivt",5000,1.50668219100735,-0.68568009913488,-0.678775340159305
"bivt",5000,1.53873925890112,-0.68291852545058,-0.676055977164832
"bivt",5000,1.5707963267949,-0.680575693820591,-0.673220445464006
"bivt",10000,0,-0.729588362235472,-0.745984565956897
"bivt",10000,0.0320570678937734,-0.731874547199146,-0.748978161479334
"bivt",10000,0.0641141357875468,-0.735651996905156,-0.751784374410616
"bivt",10000,0.0961712036813202,-0.740055682353601,-0.755131234637459
"bivt",10000,0.128228271575094,-0.744957390733523,-0.760514358392983
"bivt",10000,0.160285339468867,-0.750364731541641,-0.767759410778456
"bivt",10000,0.19234240736264,-0.75799290592335,-0.775847042693546
"bivt",10000,0.224399475256414,-0.766313719117333,-0.783578130719646
"bivt",10000,0.256456543150187,-0.775126920450398,-0.792831721176919
"bivt",10000,0.288513611043961,-0.785775636033552,-0.803325003395498
"bivt",10000,0.320570678937734,-0.796020089340207,-0.813524492512628
"bivt",10000,0.352627746831507,-0.808290870785576,-0.825677011097163
"bivt",10000,0.384684814725281,-0.821199595449666,-0.837834082056365
"bivt",10000,0.416741882619054,-0.835265206528998,-0.851905909959095
"bivt",10000,0.448798950512828,-0.850273394519588,-0.866681101960947
"bivt",10000,0.480856018406601,-0.863873111927152,-0.881296337593509
"bivt",10000,0.512913086300374,-0.880992269721807,-0.89825132142938
"bivt",10000,0.544970154194148,-0.896232670450932,-0.911300824829942
"bivt",10000,0.577027222087921,-0.910718546108031,-0.924943265743816
"bivt",10000,0.609084289981694,-0.923093004384414,-0.939627542932351
"bivt",10000,0.641141357875468,-0.936896156951219,-0.952140122712321
"bivt",10000,0.673198425769241,-0.948391209566823,-0.963113500209756
"bivt",10000,0.705255493663015,-0.957826042274903,-0.973404950812607
"bivt",10000,0.737312561556788,-0.965899246773668,-0.978453142032003
"bivt",10000,0.769369629450562,-0.968060013409445,-0.981344817173776
"bivt",10000,0.801426697344335,-0.965465786724753,-0.9824941604008
"bivt",10000,0.833483765238108,-0.96212673190843,-0.978473619081685
"bivt",10000,0.865540833131882,-0.956111209001941,-0.973796916840894
"bivt",10000,0.897597901025655,-0.948443642502152,-0.965934964736635
"bivt",10000,0.929654968919429,-0.937448166367163,-0.955431596374118
"bivt",10000,0.961712036813202,-0.921835131546713,-0.942093053767755
"bivt",10000,0.993769104706975,-0.908289366702039,-0.926696554449949
"bivt",10000,1.02582617260075,-0.892103051167313,-0.910999668107613
"bivt",10000,1.05788324049452,-0.875562663134614,-0.893286125824217
"bivt",10000,1.0899403083883,-0.860839706533575,-0.877916793558412
"bivt",10000,1.12199737628207,-0.845931279419357,-0.863949345525656
"bivt",10000,1.15405444417584,-0.831724664625058,-0.848129705960091
"bivt",10000,1.18611151206962,-0.817095503465731,-0.834561996115105
"bivt",10000,1.21816857996339,-0.804255047742721,-0.820608362818808
"bivt",10000,1.25022564785716,-0.791503320743389,-0.808368304810369
"bivt",10000,1.28228271575094,-0.780843671351261,-0.796294731505818
"bivt",10000,1.31433978364471,-0.771609884427527,-0.786148578925076
"bivt",10000,1.34639685153848,-0.76204533740446,-0.776566717537561
"bivt",10000,1.37845391943226,-0.752790667655061,-0.769509038795736
"bivt",10000,1.41051098732603,-0.745365402566978,-0.762820323821027
"bivt",10000,1.4425680552198,-0.739605396870577,-0.756217414965414
"bivt",10000,1.47462512311358,-0.734837856660669,-0.750577963796637
"bivt",10000,1.50668219100735,-0.730346514020538,-0.746666845332138
"bivt",10000,1.53873925890112,-0.72650853106432,-0.742158135037303
"bivt",10000,1.5707963267949,-0.723714874283961,-0.739288657494931
"bivt",50000,0,-0.770294324981192,-0.769491882813626
"bivt",50000,0.0320570678937734,-0.772286163408925,-0.772439553142597
"bivt",50000,0.0641141357875468,-0.775130477772839,-0.776494394360594
"bivt",50000,0.0961712036813202,-0.780070862358333,-0.780493755983626
"bivt",50000,0.128228271575094,-0.785436675172329,-0.785960677348502
"bivt",50000,0.160285339468867,-0.792288434138923,-0.793084681545674
"bivt",50000,0.19234240736264,-0.800319038268249,-0.799529939885237
"bivt",50000,0.224399475256414,-0.809380692191811,-0.808037065764483
"bivt",50000,0.256456543150187,-0.818332379103291,-0.817747686090388
"bivt",50000,0.288513611043961,-0.829944210934965,-0.82925961374773
"bivt",50000,0.320570678937734,-0.841724326030501,-0.841022312819193
"bivt",50000,0.352627746831507,-0.854448695638183,-0.853068010217586
"bivt",50000,0.384684814725281,-0.868038633999369,-0.865421891874314
"bivt",50000,0.416741882619054,-0.880883049221451,-0.880376965339604
"bivt",50000,0.448798950512828,-0.897539105060273,-0.896016428873295
"bivt",50000,0.480856018406601,-0.913666357236705,-0.912296149838286
"bivt",50000,0.512913086300374,-0.930762259297991,-0.928520796030737
"bivt",50000,0.544970154194148,-0.947834323645232,-0.944258936553819
"bivt",50000,0.577027222087921,-0.965969004216268,-0.960901846538148
"bivt",50000,0.609084289981695,-0.981810692433209,-0.979584768172863
"bivt",50000,0.641141357875468,-0.996877279614473,-0.992347947271147
"bivt",50000,0.673198425769241,-1.01030438850196,-1.00352049550575
"bivt",50000,0.705255493663015,-1.0189249952521,-1.01462784418199
"bivt",50000,0.737312561556788,-1.02487888778746,-1.02260209585685
"bivt",50000,0.769369629450562,-1.02809343156849,-1.0246264566184
"bivt",50000,0.801426697344335,-1.0293104979537,-1.02496299010168
"bivt",50000,0.833483765238108,-1.02430573713216,-1.02291193369864
"bivt",50000,0.865540833131882,-1.01861416108792,-1.01561635250238
"bivt",50000,0.897597901025655,-1.00832841475869,-1.00496459791738
"bivt",50000,0.929654968919428,-0.994575184216448,-0.992265817863747
"bivt",50000,0.961712036813202,-0.980102580285168,-0.978209653327708
"bivt",50000,0.993769104706975,-0.963615652545512,-0.964910957388537
"bivt",50000,1.02582617260075,-0.946246436804559,-0.946551869081188
"bivt",50000,1.05788324049452,-0.927883469167424,-0.929054358476051
"bivt",50000,1.0899403083883,-0.911326152414244,-0.910115055213573
"bivt",50000,1.12199737628207,-0.893986392294915,-0.893739759765647
"bivt",50000,1.15405444417584,-0.878694246874842,-0.877778424911785
"bivt",50000,1.18611151206962,-0.864457466726083,-0.863139001215396
"bivt",50000,1.21816857996339,-0.850722611687681,-0.848889756690033
"bivt",50000,1.25022564785716,-0.83770961371256,-0.836251374852708
"bivt",50000,1.28228271575094,-0.825881730736652,-0.8238260509328
"bivt",50000,1.31433978364471,-0.815314432760927,-0.810426072556033
"bivt",50000,1.34639685153848,-0.804870884920433,-0.801256160553711
"bivt",50000,1.37845391943226,-0.796213788488851,-0.792406479519505
"bivt",50000,1.41051098732603,-0.788151126134123,-0.785018578602094
"bivt",50000,1.4425680552198,-0.781893451776922,-0.778272059142138
"bivt",50000,1.47462512311358,-0.776376333162146,-0.772857588532966
"bivt",50000,1.50668219100735,-0.771489625950668,-0.768624964712153
"bivt",50000,1.53873925890112,-0.767822121226839,-0.764787889321546
"bivt",50000,1.5707963267949,-0.76522888463675,-0.761790476473379
